aa	अा
aa	आ
aaba	अब
aabaddha	आबद्ध
aabasyak	आवश्यक
aabasyakata	आवश्यकता
aabegma	आवेगमा
aabhas	आभाष
aabko	आवको
aabma	आवमा
aachaarya	आचार्य
aachaaryaley	आचार्यले
aadesh	आदेश
aadeshdwara	आदेशद्वारा
aadeshkoo	आदेशको
aadha	आधा
aadhaile	आँधीले
aadhar	आधार
aadharit	आधारित
aadharma	आधारमा
aadhartbhoot	आधारभूत
aadhi	आधी
aadhikarik	आधिकारिक
aadhunik	आधुनिक
aadi	आदि
aadki	आड्कि
aae	आए
aaeka	आएका
aaeko	आएको
aaepachi	आएपछि
aaera	आएर
aaetabar	आइतबार
aafai	आफै
aafai	आफैं
aafaila	आफैला
aafailai	आफैंलाई
aafailai	आफैलाई
aafaile	आफैले
aafainlai	आफैँलाई
aafanta	आफन्त
aafna	आफ्ना
aafnai	आफ्नै
aafno	आफ्नो
aafu	आफु
aafu	आफू
aafubhanda	आफूभन्दा
aafulai	आफुलाई
aafulai	आफूलाई
aafule	आफूले
aagai	आफै
aagamee	आगामी
aagami	आगामी
aagan	आँगन
aaganima	आँगनीमा
aago	आगो
aagole	आगोले
aagraha	आग्रह
aahwan	आह्वान
aai	आइ
aai	आई
aaindaina	आईन्दैन
aairahechha	आइरहेछ
aaj	आज
aaja	आज
aajai	आजै
aajako	आजको
aajasamma	आजसम्म
aajkalko	आजकालको
aajko	आजको
aaka	आएका
aakaar	आकार
aakar	आकार
aakarsak	आकर्षक
aakarshana	आकर्षण
aakarshit	आकर्षित
aakashko	आकाशको
aakashlai	अाकाशलाई
aakha	आखा
aakhaharu	आँखाहरु
aakhaima	आँखैमा
aakhir	आखिर
aakhirma	आखिरमा
aako	आएको
aakraman	आक्रमण
aalochana	आलोचना
aam	आम
aama	आमा
aamako	आमाको
aamdani	आम्दानी
aanandako	आनन्दको
aanchal	आँचल
aanchal	आंचल
aandhilai	आँधीलाई
aandolan	आन्दोलन
aanekole	आएकोले
aang	आँङ
aankha	आँखा
aankhabhitra	आँखाभित्र
aankhako	आँखाको
aanshulai	आँशुलाई
aansu	आँसु
aantarik	आन्तरिक
aaphno	आफ्नो
aarjana	आर्जन
aarop	आरोप
aaropma	आरोपमा
aartaharuko	अार्तहरूको
aarthik	आर्थिक
aarthika	आर्थिक
aasaima	आसैमा
aasanka	आशंका
aashaa	आशा
aashai	आशै
aashale	आशाले
aashma	आशमा
aasulai	आँसुलाई
aatai	आतै
aath	आठ
aatma	आत्मा
aatmalai	आत्मालाई
aau	आऊ
aauchha	आउछ
aauchhan	आँउछन्
aauchhu	आउँछु
aaudaina	आउँदैन
aaudaina	आउदैन
aaula	आउला
aaun	आउन
aauna	आउन
aaunchha	अाउँछ
aaunchha	आउँछ
aaunda	आँउदा
aaunda	आउँदा
aaune	अाउने
aaune	आउँने
aaune	आउने
aauney	आउने
aaunoo	आउनु
aaunu	आउनु
aavasyak	आवश्यक
aavasyakata	आवश्यकता
aawadiwaasi	आदिवासी
aawaj	आवाज
aawako	आवको
aawama	आवमा
aawasyak	आवश्यक
aay	आय
aaya	आय
aayakar	आयकर
aayat	आयात
aayata	आयात
aaye	अाए
aaye	आए
aayeka	आएका
aayeko	आएको
aayekoley	आएकोले
aayepaxhi	आएपछि
aayer	आएर
aayera	आएर
aaykar	आयकर
aayko	आएको
aayo	आयो
aayog	आयोग
aayogka	आयोगका
aayogkaa	आयोगका
aayogko	आयोगको
aayogkoo	आयोगको
aayogle	आयोगले
aayogley	आयोगले
aayojak	आयोजक
aayojana	आयोजना
aayojanako	आयोजनाको
aayojanakoo	आयोजनाको
aayojanama	आयोजनामा
aayojanamaa	आयोजनामा
aayojit	आयोजित
aayojita	आयोजित
aayou	आयौ
ab	अब
aba	अब
abaddha	आबद्ध
abadhaarana	अवधारणा
abadhi	अवधि
abadhiko	अवधिको
abadhima	अवधिमा
abaidh	अवैध
abakas	अवकाश
abalambana	अवलम्बन
abalokan	अवलोकन
abarodh	अवरोध
abaruddha	अवरुद्ध
abasar	अवसर
abasarma	अवसरमा
abastha	अवस्था
abasthako	अवस्थाको
abasthama	अवस्थामा
abasthit	अवस्थित
abedan	आवेदन
abhab	अभाव
abhabma	अभावमा
abhav	अभाव
abhavma	अभावमा
abhaw	अभाव
abhibriddhi	अभिवृद्धि
abhinay	अभिनय
abhinaya	अभिनय
abhiwriddhi	अभिवृद्धि
abhiyaan	अभियान
abhiyan	अभियान
abhiyog	अभियोग
abhiyoga	अभियोग
abhyaas	अभ्यास
abhyas	अभ्यास
account	खाता
acharya	आचार्य
acharyale	आचार्यले
ad	विज्ञापन
adaalat	अदालत
adaalatbata	अदालतबाट
adaalatko	अदालतको
adaalatley	अदालतले
adaalatma	अदालतमा
adalat	अदालत
adalatbata	अदालतबाट
adalatko	अदालतको
adalatle	अदालतले
adalatma	अदालतमा
adchan	अड्चन
adesa	आदेश
adesh	आदेश
adeshdwara	आदेशद्वारा
adeshko	आदेशको
adha	आधा
adhar	अधर
adhar	आधार
adharbhut	आधारभूत
adharharuma	अधरहरूमा
adharit	आधारित
adharko	अधरको
adharma	आधारमा
adhibakta	अधिवक्ता
adhik	अधिक
adhika	अधिक
adhikaar	अधिकार
adhikaari	अधिकारी
adhikaarikoo	अधिकारीको
adhikaariley	अधिकारीले
adhikaarkoo	अधिकारको
adhikansa	अधिकांश
adhikansha	अधिकांश
adhikar	अधिकार
adhikaree	अधिकारी
adhikari	अधिकारी
adhikarik	आधिकारिक
adhikariko	अधिकारीको
adhikarile	अधिकारीले
adhikarko	अधिकारको
adhikatam	अधिकतम
adhikatama	अधिकतम
adhikee	अधिकार
adhikrit	अधिकृत
adhikrita	अधिकृत
adhiwakata	अधिवक्ता
adhunik	आधुनिक
adhuro	अधुरो
adhyaka	अध्यक्ष
adhyaksha	अध्यक्ष
adhyakshatama	अध्यक्षतामा
adhyan	अध्ययन
adhyax	अध्यक्ष
adhyaxatama	अध्यक्षतामा
adhyayan	अध्ययन
adi	आदि
adibasi	आदिवासी
af	अफ
afai	आफै
afailey	आफैले
afain	आफैं
afna	आफ्ना
afnai	आफ्नै
afney	आफ्नै
afno	आफ्नो
afu	आफू
afulai	आफूलाई
afule	आफूले
agaadi	अगाडि
agadi	अगाडि
agadi	आगाडी
aghee	अघि
aghi	अघि
aghillo	अघिल्लो
aghilloo	अघिल्लो
ago	आगो
agoo	आगो
agragami	अग्रगामी
agraha	आग्रह
ahile	अहिले
ahileko	अहिलेको
ahilesamma	अहिलेसम्म
ahiley	अहिले
ahwan	आह्वान
ai	आई
ai	ऐ
aile	अहिले
aileko	अहिलेको
ailesamma	अहिलेसम्म
ain	ऐन
ainama	ऐनमा
ainko	ऐनको
ainle	ऐनले
ainley	ऐनले
ainma	ऐनमा
ainn	ऐन
ainnko	ऐनको
air	हवाई
airport	विमानस्थल
aitabaar	आइतबार
aitabaar	आइतवार
aitabar	आइतबार
aitabar	आइतवार
aitihaasik	ऐतिहासिक
aitihasik	ऐतिहासिक
ajh	अझ
ajha	अझ
ajhai	अझै
ajhey	अझै
ajkalto	अजकल्टो
akar	आकार
akarsak	आकर्षक
akarshan	आकर्षण
akarshit	आकर्षित
akhanda	अखण्ड
akhtiyaar	अख्तियार
akhtiyar	अख्तियार
akraman	आक्रमण
akshar	अक्षर
alag	अलग
alaga	अलग
alee	अलि
ali	अलि
aljhaune	अल्झाउने
aljhen	अल्झेँ
aljhiraheko	अल्झिरहेको
aljhiraheko	अल्झीरहेको
almost	लगभग
alochana	आलोचना
am	आम
ama	आमा
amako	आमाको
amala	अमला
amar	अमर
amdani	आम्दानी
america	अमेरिका
americako	अमेरिकाको
americama	अमेरिकामा
american	अमेरिकी
amerikee	अमेरिकी
ameriki	अमेरिकी
amrit	अमृत
amsha	अंश
anaginti	अनगिन्ती
anchal	अञ्चल
anchala	अञ्चल
andhakarko	अन्धकारको
andhakarmai	अन्धकारमै
andhero	अँधेरो
andhyaro	अँध्यारो
andhyarolai	अँध्यारोलाई
andolan	आन्दोलन
anee	अनि
anek	अनेक
aneka	अनेक
anekaun	अनेकौँ
angaali	अङ्गाली
angaloma	अंगालोमा
angalun	अँगालूँ
ani	अनि
ani	आनी
anibarya	अनिवार्य
aniwarya	अनिवार्य
anjulima	अञ्जुलीमा
ank	अंक
ank	अङ्क
anka	अंक
anka	अङ्क
ankale	अङ्कले
ankaley	अङ्कले
ankha	आँखा
ankit	अंकित
anlain	अनलाइन
ansa	अंश
antargat	अन्तर्गत
antargata	अन्तर्गत
antargatakoo	अन्तर्गतको
antargatko	अन्तर्गतको
antarik	आन्तरिक
antarim	अन्तरिम
antarima	अन्तरिम
antarrashtriya	अन्तरराष्ट्रिय
antarrashtriya	अन्तर्राष्ट्रिय
antarrastriya	अन्तरराष्ट्रिय
antarrastriya	अन्तर्राष्ट्रिय
antim	अन्तिम
antima	अन्तिम
anty	अन्त्य
antya	अन्त्य
anubad	अनुवाद
anubhab	अनुभव
anubhav	अनुभव
anudaan	अनुदान
anudan	अनुदान
anugaman	अनुगमन
anugamana	अनुगमन
anuhar	अनुहार
anumaan	अनुमान
anuman	अनुमान
anumatee	अनुमति
anumati	अनुमति
anurodh	अनुरोध
anurodha	अनुरोध
anuroop	अनुरुप
anurup	अनुरुप
anusaar	अनुसार
anusaarkoo	अनुसारको
anusandhan	अनुसन्धान
anusar	अनुसार
anusarko	अनुसारको
anushandhan	अनुसन्धान
anushar	अनुसार
any	अन्य
anya	अन्य
anyatha	अन्यथा
anyathaa	अन्यथा
apaar	अपार
aparaadh	अपराध
aparadh	अपराध
apeksha	अपेक्षा
apex	अपेक्षा
apf	एपीएफ
aphno	आफ्नो
apuro	अपुरो
arb	अर्ब
arba	अर्ब
arey	अरे
arjan	आर्जन
arka	अर्का
arkaa	अर्का
arko	अर्को
arkoo	अर्को
army	सेना
aroo	अरु
aroo	अरू
arop	आरोप
aropma	आरोपमा
arpit	अर्पित
arth	अर्थ
artha	अर्थ
arthaat	अर्थात
arthaat	अर्थात्
arthamantri	अर्थमन्त्री
arthat	अर्थात
arthat	अर्थात्
arthatantra	अर्थतन्त्र
arthatantrako	अर्थतन्त्रको
arthatantrakoc	अर्थतन्त्रको
arthatantrama	अर्थतन्त्रमा
arthik	आर्थिक
aru	अरु
aru	अरू
aruko	अरूको
asa	आशा
asaar	असार
asaddhe	असाद्धे
asafal	असफल
asafalta	असफलता
asar	असर
asar	असार
asara	असर
asha	आशा
ashoj	असोज
asmita	अस्मिता
asoj	असोज
aspatal	अस्पताल
aspatalko	अस्पतालको
aspatalkoo	अस्पतालको
aspatalma	अस्पतालमा
asphal	असफल
asthaye	अस्थायी
asthayi	अस्थायी
astitwa	अस्तित्व
astitwolai	अस्तित्वलाइ
ata	अतः
atah	अतः
atee	अति
atey	अटे
ath	आठ
athaba	अथवा
athahai	अथाहै
athawa	अथवा
ati	अति
atirakta	अतिरिक्त
atirikta	अतिरिक्त
atitka	अतीतका
atyaadhika	अत्यधिक
atyaawasyak	अत्यावश्यक
atyabasyak	अत्यावश्यक
atyadhik	अत्यधिक
atyant	अत्यन्त
atyanta	अत्यन्त
audhyogik	औद्योगिक
audyogik	औद्योगिक
aulaharu	औलाहरु
auna	आउन
auncha	आउँछ
aunchha	आउँछ
aunda	आउँदा
aune	आउने
aunu	आउनु
aunxa	आउँछ
aupchaarik	औपचारिक
aupcharik	औपचारिक
ausadhi	औषधि
ausat	औसत
aushadhi	औषधि
avadharana	अवधारणा
avadhi	अवधि
avadhima	अवधिमा
avakas	अवकाश
avasar	अवसर
avasarma	अवसरमा
avastha	अवस्था
avasthaakoo	अवस्थाको
avasthama	अवस्थामा
avasthit	अवस्थित
avg	औसत
awadhi	अवधि
awadhikoo	अवधिको
awadhima	अवधिमा
awaidh	अवैध
awaj	आवाज
awalamban	अवलम्बन
awalokan	अवलोकन
awarodh	अवरोध
awaruddh	अवरुद्ध
awasar	अवसर
awastha	अवस्था
awasthama	अवस्थामा
awedan	आवेदन
ayoga	आयोग
ayojaka	आयोजक
ayojana	आयोजना
ba	ब
ba	वा
baa	वा
baacha	बांचा
baacheko	बाँचेको
baadalle	बादलले
baadna	बाँड्न
baalee	बाली
baanchne	बाँच्ने
baanddai	बाँड्दै
baandhharu	बाँधहरू
baandhi	बाँधी
baank	बैंक
baank	बैङ्क
baanki	बाँकी
baanking	बैङ्किङ
baankkaa	बैङ्कका
baankko	बैङ्कको
baankkoo	बैंकको
baankley	बैंकले
baarema	बारेमा
baas	बास
baasaima	बाँसैमा
baasnalai	बासनालाई
baat	बात
baata	बाट
baatharu	बातहरू
baato	बाटो
baatoama	बाटोमा
baboo	बाबु
babu	बाबु
baburaam	बाबुराम
baburam	बाबुराम
bacat	बचत
bacha	बच्चा
bachat	बचत
bachaula	बाचैंला
bachdaichhau	बाँच्दैछौ
bachekai	बाँचेकै
bachha	बच्चा
bachi	बाँची
bachirahechhu	बाँचिरहेछु
bachnu	बाँच्नु
bachula	बाँचूँला
bachula	बाचुला
bada	वडा
badaeko	बढाएको
badalki	बादलकी
badalko	बादलको
badalne	बदल्न
badar	बदर
badar	वदर
badara	बदर
badaun	बढाउन
badauna	बढाउन
badaune	बढाउने
badauney	बढाउने
badayeko	बढाएको
baddaey	बढ्दै
baddai	बढ्दै
baddo	बढ्दो
baddoo	बढ्दो
baddyo	बढ्यो
badeko	बढेको
badekoo	बढेको
badepachi	बढेपछि
badepaxhi	बढेपछि
badh	बढ
badha	बाधा
badhaharu	बाधाहरू
badhchha	बढ्छ
badhe	बढे
badhechau	बढेछौ
badher	बढेर
badhera	बढेर
badhi	बढी
badhna	बाँध्न
badhya	बाध्य
badhyata	बाध्यता
badhyatako	वाध्यताको
badhyatama	बाध्यातामा
badi	बढी
badi	वादी
badii	बढी
badiko	वादीको
badilai	वादीलाई
badile	वादीले
badiraheko	बढिरहेको
badirako	बढिरहेको
badn	बढ्न
badna	बढ्न
badnami	बदनामी
badne	बढ्ने
badney	बढ्ने
badri	बद्री
baduba	बढुवा
baduwa	बढुवा
badyo	बढ्यो
bagaincha	बगैँचा
bagal	बगल
bagauda	बगाउँदा
bagyo	बग्याे
bagyo	बग्यो
bagyou	बग्यौ
bagyoun	बग्यौं
bahadoor	बहादुर
bahadur	बहादुर
bahakidai	बहकिँदै
bahas	बहस
bahasa	बहस
bahek	बाहेक
baheka	बाहेक
bahidinchha	वहिदिन्छ
bahir	बाहिर
bahira	बाहिर
bahul	बहुल
bahula	बहुला
baiddhama	बैद्धमा
baideshik	वैदेशिक
baiguni	बइगुणी
baikalpik	वैकल्पिक
baikyanik	वैज्ञानिक
baini	बैनी
bainsa	बैँस
bairi	बैरी
baisakh	बैशाख
baisakh	वैशाख
baithak	बैठक
baithaka	बैठक
baithakama	बैठकमा
baithakle	बैठकले
baithakley	बैठकले
baithakma	बैठकमा
bajaar	बजार
bajaarkoo	बजारको
bajaarma	बजारमा
bajar	बजार
bajarko	बजारको
bajarma	बजारमा
bajaudai	बजाउँदै
baje	बजे
bajet	बजेट
bajey	बजे
bajra	बज्र
bajracharya	बज्राचार्य
bakamfuse	बेकम्फुसे
bakpatr	बकपत्र
bakpatra	बकपत्र
bal	बल
bala	बल
bala	बाला
balbalika	बालबालिका
balera	बालेर
bali	बाली
balinaalee	बालीनाली
balinali	बालीनाली
balirahane	बलिरहने
baliyo	बलियो
baliyoo	बलियो
baljheko	बल्झेका
baljhi	बल्झी
bamojim	बमोजिम
bamojim	वमोजिम
bamojimko	बमोजिमको
ban	वन
banaeka	बनाएका
banaeko	बनाएको
banaera	बनाएर
banai	बनाई
banaidiula	बनाइदिउँला
banaieko	बनाइएको
banaiyeko	बनाइएको
banaula	बनाउँला
banaula	बनाउला
banaun	बनाउन
banauna	बनाउन
banaune	बनाउने
banauney	बनाउने
banaunoo	बनाउनु
banaunu	बनाउनु
banaye	बनाई
banayeka	बनाएका
banayekai	बनाएकै
banayeko	बनाएको
banayer	बनाएर
band	बन्द
banda	बण्डा
banda	बन्द
bandaa	बण्डा
bandabandi	बन्दाबन्दी
bandaey	बन्दै
bandai	बन्दै
bandhanko	बन्धन
bane	वने
baneka	बनेका
banekaa	बनेका
baneko	बनेको
banera	बनेर
bani	बनि
banideko	बनिदेको
banijya	वाणिज्य
bank	बैंक
bank	बैङ्क
bankee	बाँकी
banki	बाँकी
banking	बैङ्किङ
bankka	बैङ्कका
bankko	बैंकको
bankko	बैङ्कको
bankle	बैंकले
bankle	बैङ्कले
bankley	बैङ्कले
bann	बन्न
banna	बन्न
banne	बन्ने
banney	बन्ने
banos	बनोस्
banula	बनुला
banula	बनूँला
baraamad	बरामद
barabarko	बराबरको
baramad	बरामद
barbaad	बर्बाद
bare	बारे
barema	बारेमा
barey	बारे
barga	वर्ग
bari	बरि
baripari	वरिपरि
baristha	वरिष्ठ
barko	बारको
barnan	वर्णन
baroo	बरु
barsa	बर्ष
barsa	वर्ष
barsa	वर्षा
barsaaghi	वर्षअघि
barsabarkha	बर्षाबर्खा
barsabhitra	वर्षभित्र
barsadekhi	वर्षदेखि
barsako	वर्षको
barsama	वर्षमा
barsapachi	वर्षपछि
barsasamma	वर्षसम्म
barsha	बर्ष
barsha	वर्ष
barsha	वर्षा
barshaaghee	वर्षअघि
barshabhitr	वर्षभित्र
barshadekhee	वर्षदेखि
barshako	वर्षको
barshama	वर्षमा
barshapachhi	वर्षपछि
barshasamm	वर्षसम्म
barshau	वर्षौँ
barshik	वार्षिक
barshiya	वर्षीय
barshiya	वर्षीया
barsi	बर्सी
barsik	वार्षिक
barsiya	वर्षीय
barsiya	वर्षीया
barta	वार्ता
bartaman	वर्तमान
baru	बरु
bas	बस
basa	वासा
basako	बसको
basanta	बसन्त
basanta	वसन्त
basaun	बसाैँ
baschhyou	बस्छयौ
base	बसेँ
baseka	बसेका
basekaa	बसेका
baseko	बसेको
basekoo	बसेको
baser	बसेर
basera	बसेर
bashma	वशमा
basn	बस्न
basna	बस्न
basna	बास्ना
basne	बस्ने
basney	बस्ने
basnu	बस्नु
basobas	बसोबास
basobasa	बसोबास
bastabik	वास्तविक
bastabma	वास्तवमा
bastin	बस्तिन
bastu	बस्तु
bastu	वस्तु
bastuko	वस्तुको
basu	बसु
basuri	वासुरी
bata	बाट
bata	वटा
batabaran	वातावरण
batae	बताए
bataeka	बताएका
bataeko	बताएको
batai	बताए
bataieko	बताइएको
bataima	बाटैमा
batain	बताइन्
bataina	बताइन्
bataiyeko	बताइएको
batase	बतासे
batasko	बतासको
batasle	बतासले
bataunchan	बताउँछन्
bataundaey	बताउँदै
bataundai	बताउँदै
bataunubhayo	बताउनुभयो
bataunubhyo	बताउनुभयो
bataunxana	बताउँछन्
bataye	बताए
batayeka	बताएका
batayeko	बताएको
bato	बाटो
batoma	बाटोमा
batti	बत्ती
bauko	बौको
baxa	बच्चा
bayaan	बयान
bayan	बयान
bayuseba	वायुसेवा
bazaarma	बजारमा
beauty	बिउटी
bechche	बेच्छे
bechideko	बेचिदेको
beech	बीच
beechma	बीचमा
beema	बीमा
beeu	बीउ
begar	बेगर
begharu	वेगहरू
beglabeglai	बेग्लाबेग्लै
beglai	बेग्लै
behaal	बेहाल
bela	बेला
bela	वेला
belaa	बेला
belaa	वेला
belaama	बेलामा
belama	बेलामा
belayati	बेलायती
below	तल
benefit	फाइदा
benefit	लाभ
bepatta	बेपत्ता
bepattaa	बेपत्ता
ber	बेर
besure	बेसुरे
bhaada	भाडा
bhaag	भाग
bhaagama	भागमा
bhaarat	भारत
bhaarataa	भारतका
bhaaratbaata	भारतबाट
bhaaratiya	भारतीय
bhaaratko	भारतको
bhaaratley	भारतले
bhaaratma	भारतमा
bhaasa	भाषा
bhaasaama	भाषामा
bhaau	भाउ
bhaban	भवन
bhabana	भावना
bhabile	भावीले
bhabisyama	भविष्यमा
bhachiesakeko	भाँचिइसकेको
bhachna	भाँच्न
bhada	भाडा
bhadau	भदौ
bhadekhee	भएदेखि
bhadhee	बढी
bhadobata	भाँडोबाट
bhadow	भदौ
bhae	भइ
bhae	भए
bhaedekhi	भएदेखि
bhaeka	भएका
bhaekai	भएकै
bhaekale	भएकाले
bhaeki	भएकी
bhaeko	भएको
bhaekole	भएकोले
bhaekoma	भएकोमा
bhaema	भएमा
bhaena	भएन
bhaepachi	भएपछि
bhaepani	भएपनि
bhaer	भएर
bhaera	भएर
bhaeyka	भएका
bhaeykale	भएकाले
bhaeyko	भएको
bhag	भाग
bhagcha	भाग्छ
bhagechhu	भागेछु
bhagideu	भागिदेऊ
bhagma	भागमा
bhagya	भाग्य
bhagyama	भाग्यमा
bhai	भई
bhai	भए
bhai	भाइ
bhai	भै
bhaigayo	भैगयो
bhairaheka	भइरहेका
bhairaheko	भइरहेको
bhairaka	भइरहेका
bhairako	भइरहेको
bhairas	भाइरस
bhairasko	भाइरसको
bhaisakeka	भइसकेका
bhaisakekaa	भइसकेका
bhaisakeko	भइसकेको
bhaisakekoo	भइसकेको
bhaka	भएका
bhaka	भाका
bhakai	भएकै
bhakalay	भएकाले
bhakera	भाकेर
bhakey	भएकै
bhakha	भाखा
bhaki	भएकी
bhaki	भाकी
bhako	भएको
bhakole	भएकोले
bhakoma	भएकोमा
bhaktapoor	भक्तपुर
bhaktapur	भक्तपुर
bhaktapurko	भक्तपुरको
bhakti	भक्ती
bhanai	भनाइ
bhanai	भनाई
bhanai	भने
bhanau	भनौँ
bhanaye	भनाइ
bhanaye	भनाई
bhanchan	भन्छन्
bhanchaun	भन्छौं
bhanchhan	भन्छन्
bhanchhin	भन्छिन्
bhanchhou	भन्छौ
bhanda	भन्दा
bhandaa	भन्दा
bhandaey	भन्दै
bhandai	भन्दै
bhandaree	भण्डारी
bhandari	भण्डारी
bhandarile	भण्डारीले
bhandariley	भण्डारीले
bhandinthe	भन्दिन्थे
bhane	भने
bhanee	भनि
bhanee	भनी
bhaneka	भनेका
bhanekaa	भनेका
bhaneko	भनेको
bhaner	भनेर
bhanera	भनेर
bhaney	भने
bhani	भनि
bhani	भनी
bhanieko	भनिएको
bhanin	भनिन्
bhanina	भनिन्
bhanincha	भनिन्छ
bhaninchha	भनिन्छ
bhaninxa	भनिन्छ
bhanirahanchu	भनिरहनछु
bhanirahechau	भनिरहेछौ
bhaniyeka	भनिएका
bhaniyeko	भनिएको
bhann	भन्न
bhanna	भन्न
bhannata	भन्नत
bhannay	भन्ने
bhanne	भन्ने
bhannechhu	भन्नेछु
bhannele	भन्नेले
bhannem	भन्नेमा
bhannema	भन्नेमा
bhannesamait	भन्नेसमेत
bhannesamet	भन्नेसमेत
bhannoo	भन्नु
bhannu	भन्नु
bhannubhayo	भन्नुभयो
bhannubhyo	भन्नुभयो
bhansaar	भन्सार
bhansar	भन्सार
bhanthai	भन्थै
bhanthen	भन्थेँ
bhanu	भनु
bhanun	भनुन्
bhanxan	भन्छन्
bhapachi	भएपछि
bhapani	भएपनि
bhapaxi	भएपछि
bharai	भराई
bharama	भरमा
bharat	भारत
bharatbata	भारतबाट
bharatka	भारतका
bharatko	भारतको
bharatle	भारतले
bharatma	भारतमा
bharaye	भराई
bhardinthe	भर्दिन्थे
bharee	भरी
bhari	भरि
bhari	भरी
bhari	भारी
bharideu	भरिदेउ
bhariye	भरिए
bhariyeka	भरिएका
bhariyeko	भरिएको
bharma	भरमा
bharna	भर्न
bharna	भर्ना
bharnaa	भर्ना
bharnu	भनूँ
bhartiya	भारतीय
bhasa	भाषा
bhasama	भाषामा
bhash	भष
bhasinchhu	भासिन्छु
bhatta	भत्ता
bhattaa	भत्ता
bhattarai	भट्टराई
bhattaraile	भट्टराईले
bhattaraye	भट्टराई
bhattarayley	भट्टराईले
bhau	भाउ
bhaugolik	भौगोलिक
bhaugolika	भौगोलिक
bhautik	भौतिक
bhautika	भौतिक
bhavan	भवन
bhavana	भावना
bhawan	भवन
bhawana	भावना
bhawanaharusanga	भावनाहरुसँग
bhawanaka	भावनाका
bhawanalai	भावनालाई
bhawisyama	भविष्यमा
bhaye	भई
bhaye	भए
bhaye	भाइ
bhaye	भै
bhayechhu	भएछु
bhayeekee	भएकी
bhayejati	भएजति
bhayeko	भएको
bhayema	भएमा
bhayena	भएन
bhayer	भएर
bhayo	भएको
bhayo	भयो
bhayou	भयौ
bhet	भेट
bheta	भेट
bhetchhou	भेट्छौ
bhetchhu	भेट्छु
bhetda	भेट्दा
bhetieko	भेटिएको
bhetiyeko	भेटिएको
bhetna	भेट्न
bhid	भिड
bhidiyo	भिडियो
bhidma	भीड़मा
bhijai	भिजाई
bhijeka	भिजेका
bhijne	भिज्ने
bhijyo	भिज्यो
bhinn	भिन्न
bhinna	भिन्न
bhitr	भित्र
bhitra	भित्र
bhitrai	भित्रै
bhitri	भित्री
bhnne	भन्ने
bhog	भोग
bhoga	भोग
bhognu	भोग्नु
bholee	भोलि
bholi	भोलि
bhoomi	भूमि
bhoomika	भूमिका
bhoomisudhaar	भूमिसुधार
bhram	भ्रम
bhraman	भ्रमण
bhramana	भ्रमण
bhrastachaar	भ्रष्टाचार
bhrastachar	भ्रष्टाचार
bhukampa	भूकम्प
bhuktanee	भुक्तानी
bhuktani	भुक्तानी
bhul	भुल
bhulaidela	भुलाइदेला
bhulda	भुल्दा
bhule	भुले
bhuleki	भुलेकी
bhuleko	भुलेको
bhulideu	भुलिदेऊ
bhulidinthe	भुलिदिन्थे
bhulidiyau	भुलिदियौ
bhuliyera	भुलियेरा
bhulna	भुल्न
bhumi	भूमि
bhumika	भूमिका
bhumisudhar	भूमिसुधार
bhupendra	भुपेन्द्र
bhusan	भुषण
bhyo	भयो
bibad	विवाद
bibadit	विवादित
bibadko	विवादको
bibadma	विवादमा
bibaha	विवाह
bibaran	विवरण
bibash	विवश
bibhag	विभाग
bibhagka	विभागका
bibhagko	विभागको
bibhagle	विभागले
bibhagma	विभागमा
bibhajan	विभाजन
bibhina	विभिन्न
bibhinna	विभिन्न
bibidh	विविध
biccha	बिच्च
bich	बीच
bichar	विचार
bicharlai	विचारलाई
bichchama	बिच्चमा
bichhod	बिछोड
bichhodma	बिछोडमा
bichko	बीचको
bichma	बीचमा
bida	बिदा
bidesh	विदेश
bideshi	विदेशी
bideshma	विदेशमा
bidesi	विदेशी
bidheyak	विधेयक
bidhi	विधि
bidhile	बिधिले
bidhyalaya	विद्यालय
bidhyalayako	विद्यालयको
bidhyalayama	विद्यालयमा
bidhyalaykoo	विद्यालयको
bidhyut	विद्युत्
bidwan	विद्वान
bidyaman	विद्यमान
bidyarthi	विद्यार्थी
bidyarthiko	विद्यार्थीको
bidyarthilai	विद्यार्थीलाई
bidyarthile	विद्यार्थीले
bidyarthiley	विद्यार्थीले
bidyut	विद्युत
bidyut	विद्युत्
bidyutiya	विद्युतीय
bigaris	बिगारिस्
bigat	विगत
bigatma	विगतमा
bigo	बिगो
bigoo	बिगो
bigyapan	विज्ञापन
bigyaptima	विज्ञप्तिमा
bihaana	बिहान
bihan	बिहान
bihani	बिहानी
bihaniharu	बिहानीहरू
bihaniko	बिहानीको
bihebaara	बिहीबार
bihebaara	बिहीवार
bihibar	बिहीबार
bihibar	बिहीवार
bijay	विजय
bijayi	विजयी
bijeta	विजेता
biji	बिजि
bijnan	विज्ञान
biju	बिजु
bijulee	बिजुली
bijuli	बिजुली
bikalpa	विकल्प
bikas	विकास
bikash	विकास
bikasit	विकसित
bikaska	विकासका
bikasko	विकासको
bikasma	विकासमा
bike	मोटरसाइकल
bikree	बिक्री
bikree	विक्री
bikri	बिक्री
bikri	विक्री
bilai	बिलाई
bilin	बिलीन
bima	बीमा
biman	विमान
bimansthal	विमानस्थल
bimba	बिम्ब
bimbaakash	बिम्बअाकाश
bimbaakash	बिम्बाकाश
bimbaharu	विम्बहरु
bindubata	विन्दुबाट
biniyojan	विनियोजन
binti	बिनती
bipakshi	विपक्षी
bipakshiko	विपक्षीको
bipakshile	विपक्षीले
bipana	बिपना
bipana	विपना
biparit	विपरीत
bipaxi	विपक्षी
bipul	बिपुल
birahi	विरही
biraktiyeka	विरक्तिएका
birami	बिरामी
birano	बिरानो
biratnagar	विराटनगर
birganj	वीरगञ्ज
birgunj	वीरगञ्ज
birharuka	वीरहरूका
birodh	विरोध
birsanalai	बिर्सनलाई
birsanu	विर्सनु
birsera	बिर्सेर
birth	जन्म
biruddha	विरुद्ध
bises	विशेष
bisesgari	विशेषगरी
bisesh	विशेष
bishal	विशाल
bishay	विषय
bishaya	विषय
bishayama	विषयमा
bishayko	विषयको
bishaylai	विषयलाई
bishayma	विषयमा
bishwash	विश्वास
bishwavidyalaya	विश्वविद्यालय
bisleshan	विश्लेषण
bistaar	विस्तार
bistar	विस्तार
bistarai	विस्तारै
bistarey	विस्तारै
bistarlai	विस्तारलाई
bistrit	विस्तृत
biswa	विश्व
biswabyapi	विश्वव्यापी
biswadma	विस्वादमा
biswaka	विश्वका
biswakap	विश्वकप
biswako	विश्वको
biswama	विश्वमा
biswas	विश्वास
bitaran	वितरण
bitayau	बितायौ
biteko	बितेको
bitethyo	बितेथ्यो
bitisake	बितीसके
bitne	बित्ने
bitne	वित्ने
bittiya	वित्तीय
bityo	बित्यो
biu	बीउ
biujhiyera	बिउझिएर
bivad	विवाद
biwad	विवाद
biwada	बिदा
biwadit	विवादित
biwadko	विवादको
biwadma	विवादमा
biwah	विवाह
biwan	विद्वान
biyogko	वियोगको
bne	भने
board	बोर्ड
boka	बोका
boker	बोकेर
bokera	बोकेर
boki	बोकी
bola	बोल
bolaau	बोलाऊँ
bolaune	बोलाउने
bolchas	बोल्छस्
bolchhau	बोल्छौ
boldachhin	बोल्दछिन
boldcha	बोल्दछ
bolekai	बोलेकै
bolima	बोलीमा
bolpatr	बोलपत्र
bolpatra	बोलपत्र
bolu	बोलूँ
bonas	बोनस
bonus	बोनस
book	पुस्तक
bord	बोर्ड
braandka	ब्राण्डका
brandka	ब्राण्डका
briddhi	वृद्धि
briddhidar	वृद्धिदर
bridge	पुल
bristiharu	वृष्टिहरू
britantama	बृतान्तमा
buba	बुबा
budapakha	बूढापाखा
buddh	बुद्ध
buddha	बुद्ध
budget	बजेट
budha	बुढा
budhabaar	बुधबार
budhabar	बुधबार
budheskalma	बुढेसकालमा
bujhaeko	बुझाएको
bujhai	बुझाई
bujhaideu	बुझाईदेऊ
bujhana	बूझन
bujhauchhu	बुझाउँछु
bujhaudai	बुझौंदै
bujhaun	बुझाउन
bujhauna	बुझाउन
bujhaunda	बुझाउँदा
bujhaunda	बुझौंदा
bujhaunu	बुझाउनु
bujhaye	बुझाई
bujhayeko	बुझाएको
bujhee	बुझी
bujhi	बुझी
bujhina	बुझिँन
bujhn	बुझ्न
bujhna	बुझ्न
bujhnu	बुझ्नु
bujhnuchha	बुझ्नुछ
bujhyachha	बुझ्याछ
buneka	बुनेका
bus	बस
butbal	बुटवल
butwal	बुटवल
byabahar	व्यवहार
byabasaya	व्यवसाय
byabasayi	व्यवसायी
byabasayiharu	व्यवसायीहरू
byabasayik	व्यावसायिक
byabasayiko	व्यवसायीको
byabasayile	व्यवसायीले
byabasayma	व्यवसायमा
byabastha	व्यवस्था
byabasthako	व्यवस्थाको
byabasthapan	व्यवस्थापन
byabasthit	व्यवस्थित
byahora	व्यहोरा
byahorako	व्यहोराको
byaj	ब्याज
byajdar	ब्याजदर
byakhya	व्याख्या
byakta	व्यक्त
byakti	व्यक्ति
byaktigat	व्यक्तिगत
byaktiko	व्यक्तिको
byaktilai	व्यक्तिलाई
byaktile	व्यक्तिले
byand	व्याण्ड
byapak	व्यापक
byapar	व्यापार
byaparik	व्यापारिक
byaparma	व्यापारमा
byarthai	व्यर्थै
byasta	व्यस्त
byatha	ब्यथा
byatha	व्यथा
byathaharu	ब्यथाहरू
byawasay	व्यवसाय
byawastha	व्यवस्था
byu	ब्यू
cahi	चाहिँ
capital	पूँजी
capital	राजधानी
ch	छ
cha	छ
chaahanaa	चाहना
chaalak	चालक
chaaloo	चालु
chaaloo	चालू
chaamal	चामल
chaapda	चाँप्द
chaar	चार
chaaraa	चारा
chadai	चाँडै
chadani	चाँदनि
chadani	चाँदनी
chadera	चडेर
chadera	चढेर
chadhi	चढि
chadhi	चढी
chadi	छाडी
chadile	चाँदिले
chadirakhyau	छाडीराख्यौ
chahana	चाहना
chahanaharu	चाहनाहरु
chahanalai	चहनालाई
chahanale	चाहनाले
chahanchhai	चाहन्छै
chahanchhau	चाहन्छौ
chahanchhu	चाँहनछु
chahanchhu	चाँहन्छु
chahanchhu	चाहन्छु
chahe	चाहे
chahejati	चाहेजति
chaheko	चाहेको
chahi	चाँहि
chahi	चाहिँ
chahin	चाहिँ
chahinchha	चाहिन्छ
chahindaina	चाँहिन्दैन
chahine	चाहिने
chahiney	चाहिने
chahiyeko	चाहिएको
chain	छैन
chaina	छैन
chainan	छैनन्
chait	चैत
chaita	चैत
chaitr	चैत्र
chaitra	चैत्र
chakamanna	चकमन्न
chalachitra	चलचित्र
chalak	चालक
chalan	चलन
chalana	चलन
chalaun	चलाउन
chalauna	चलाउन
chalaune	चलाउने
chalauney	चलाउने
chalayo	चलायो
chalchha	चल्छ
chalchitra	चलचित्र
chalda	चल्दा
chaldachha	चल्दछ
chaldo	चल्दो
chalekai	चलेकै
chaleko	चलेको
chalekoo	चलेको
chaliraheko	चलिरहेको
chalna	चल्न
chalna	चाल्न
chalne	चल्ने
chalney	चल्ने
chalphal	छलफल
chalphalma	छलफलमा
chalu	चालु
chalu	चालू
chamal	चामल
chamkeko	चम्केको
chamkesari	चम्केसरी
chan	छन
chan	छन्
chana	छाना
chanbin	छानबिन
chance	मौका
chandi	चाँदी
chandra	चद्न
chandra	चन्द्र
chandrajhain	चन्द्रझैँ
chanot	छनोट
char	चार
chara	चरा
chara	छर
charaitira	चारैतिर
charanama	चरणमा
charanma	चरणमा
charcha	चर्चा
charchaa	चर्चा
charchit	चर्चित
charchita	चर्चित
charko	चर्को
charkoo	चर्को
chaso	चासो
chau	छौ
chau	छौं
chaubandima	चौबन्दीमा
chaudhari	चौधरी
chaudhary	चौधरी
chauriako	चाउरिएका
chautho	चौथो
chayan	चयन
chayana	चयन
cheen	चीन
cheenley	चीनले
cheenma	चीनमा
chetabani	चेतावनी
chetawani	चेतावनी
chha	छ
chhadi	चाँदि
chhadihidne	छाडिहिड्ने
chhahari	छहारी
chhaina	छैन
chhaina	छैनँ
chhainan	छैनन्
chhalkirahechha	छल्किरहेछ
chhalphal	छलफल
chhalphalma	छलफलमा
chham	छम
chhami	छामी
chhan	छन
chhan	छन्
chhanbin	छानबिन
chhanchaun	चहार्छौँ
chhanna	छन्न
chhanot	छनोट
chhanya	छाँया
chhariyo	छरियो
chharna	छर्न
chhas	छस्
chhaso	चासो
chhati	छाति
chhaun	छौं
chhayeko	छाएको
chhekinchha	छेकिन्छ
chhekna	छेक्न
chhekne	छेक्ने
chhicholi	छिचोली
chhin	छिन्
chhinidau	छिनिदऊँ
chhinma	छिनमा
chhito	छिटो
chhittey	छिट्टै
chhn	छन्
chhodda	छोड्दा
chhoddinthe	छोड्दिन्थे
chhodera	छोडेर
chhodina	छोडिन
chhodyou	छोड्यौ
chhoing	छोइङ
chhopi	छोपी
chhora	छोरा
chhori	चोरी
chhori	छोरी
chhoto	छोटो
chhoyera	छोएर
chhu	छु
chhuk	छुक
chhunchha	छुन्छ
chhunchhin	छुन्छिन्
chhura	छुरा
chhut	छुट
chhut	छूट
chhuttey	छुट्टै
chhyou	छयौ
chimeki	छिमेकी
chimli	चिम्ली
chimtile	चिम्टीले
chin	चीन
chin	छिन्
china	चीन
chinako	चीनको
chinari	चिनारी
chinchha	चिन्छ
chine	चिने
chine	चीने
chineko	चिनेको
chinera	चिनेर
chiniya	चिनियाँ
chiniyaan	चिनियाँ
chinko	चीनको
chinle	चीनले
chinma	चीनमा
chino	चिनो
chinoharu	चिनोहरू
chinta	चिन्ता
chintaa	चिन्ता
chisa	चिसा
chiso	चिसो
chitamai	चितामै
chitban	चितवन
chithi	चिठी
chitizko	क्षितिजको
chito	छिटो
chitra	चित्र
chitt	चित्त
chitta	चित्त
chittai	छिट्टै
chitthi	चिठ्ठी
chitthiharuma	चिठीहरूमा
chitvan	चितवन
chitwan	चितवन
chiya	चिया
chiyabari	चीयाबारी
chiz	चिज
chodigo	छोडिगो
chokho	चोखो
chopeko	छोपेको
chopera	चोपेर
chora	छोरा
chori	चोरी
chori	छोरी
chot	चोट
choto	छोटो
choutho	चौथो
chu	छु
chudi	चुँडी
chudiyeko	चुँडिएको
chukta	चुक्ता
chuktaa	चुक्ता
chumdachha	चुम्दछ
chumera	चुमेर
chumidinchhu	चुमिदिन्छु
chumyau	चुम्यौ
chuna	छुन
chunab	चुनाव
chunabi	चुनावी
chunauti	चुनौती
chunaw	चुनाव
chunawi	चुनावी
chune	छुने
chupchap	चुपचाप
chur	चुर
chut	छुट
chut	छूट
chuteko	छुटेको
chuttai	छुट्टै
chyamata	क्षमता
chyatidinchau	च्यातिदिन्छौ
city	सिटी
class	कक्षा
class	वर्ग
club	क्लब
cluble	क्लबले
commander	कमाण्डर
committee	कमिटी
communist	कम्युनिष्ट
company	कम्पनी
companyharule	कम्पनीहरूले
companyka	कम्पनीका
companyko	कम्पनीको
companylai	कम्पनीलाई
companyma	कम्पनीमा
congress	कांग्रेस
corona	कोरोना
coronako	कोरोनाको
coronavirus	कोरोनाभाइरस
country	मुलुक
covid	कोभिड
cpn	नेकपा
cricket	क्रिकेट
daabi	दाबी
daabi	दावी
daahaal	दाहाल
daahaalley	दाहालले
daakhil	दाखिल
daal	डाल
daalka	दलका
daalko	दलको
daanda	डाँडा
daataima	दाँतैमा
daaurako	दाऊराको
daayitba	दायित्व
dabab	दबाब
dabai	दबाइ
dabi	दाबी
dabi	दावी
dadapari	डाँडापारी
dadhelo	डढेलो
dafa	दफा
dahal	दाहाल
dahalle	दाहालले
dai	दाई
daiba	दैव
daile	दाईले
dainik	दैनिक
dainika	दैनिक
dakhil	दाखिल
daksha	दक्ष
dakshin	दक्षिण
daksin	दक्षिण
dakxin	दक्षिण
dakyau	ढाक्यो
dal	दल
dala	दल
dalapala	ढलपल
dalar	डलर
dalarkoo	डलरको
dalit	दलित
dalita	दलित
dalka	दलका
dalko	दलको
dalle	दलले
dalley	दलले
dand	दण्ड
danda	दण्ड
dapha	दफा
dar	डर
dar	दर
dara	डर
dara	दर
darai	डराई
darauchhu	डराउँछु
darjan	दर्जन
darjeelingko	दार्जिलिङको
darle	दरले
darley	दरले
darshan	दर्शन
darta	दर्ता
dartaa	दर्ता
das	दश
dasa	दश
dasamlab	दशमलव
dashainko	दशैंको
dashamlab	दशमलव
dashamlav	दशमलव
data	तथ्यांक
daudadaichu	दौडदैछु
daudina	दौडिन
dawab	दबाब
dawi	दाबी
dawi	दावी
dax	दक्ष
dayar	दायर
dayara	दायर
dayitwa	दायित्व
debi	देवी
debkorakorabin	देवकोटाकोरबिन
ded	डेढ
dedh	डेढ
deen	दिन
deenbhitr	दिनभित्र
deenko	दिनको
deenma	दिनमा
deensamm	दिनसम्म
deepak	दीपक
deergakaaleen	दीर्घकालीन
deeun	दिऊँ
dekha	देखा
dekhaa	देखा
dekhaeko	देखाएको
dekhaeko	देखिएको
dekhau	देखाऊ
dekhaun	देखाउन
dekhauna	देखाउन
dekhaune	देखाउने
dekhauthe	देखाउँथे
dekhayeko	देखाएको
dekhchhu	देख्छु
dekhe	देखेँ
dekhechu	देखेछु
dekhee	देखि
dekheka	देखेका
dekheko	देखेको
dekher	देखेर
dekhera	देखेर
dekhhyachhu	देख्याछु
dekhi	देखि
dekhida	देखिँदा
dekhie	देखिए
dekhieka	देखिएका
dekhieko	देखिएको
dekhiekole	देखिएकोले
dekhiena	देखिएन
dekhin	देखिन
dekhina	देखिन
dekhincha	देखिन्छ
dekhinchha	देखिन्छ
dekhinda	देखिँदा
dekhindain	देखिँदैन
dekhindaina	देखिँदैन
dekhine	देखिने
dekhiney	देखिने
dekhinxa	देखिन्छ
dekhiye	देखिए
dekhiyeka	देखिएका
dekhiyeko	देखिएको
dekhiyekoley	देखिएकोले
dekhiyena	देखिएन
dekhiyo	देखियो
dekhn	देख्न
dekhna	देख्न
dekhthe	देख्थेँ
dekhu	देखुँ
dekhu	देखूँ
dekhyo	देखियो
dekhyo	देख्यो
delhi	दिल्ली
department	विभाग
des	देश
desh	देश
deshbar	देशभर
deshbhakti	देशभक्ती
deshka	देशका
deshko	देशको
deshlai	देशलाई
deshle	देशले
deshma	देशमा
deska	देशका
desko	देशको
desley	देशले
desma	देशमा
deu	देउ
deurali	देउराली
deuso	दिउँसो
deva	देव
devkotako	देवकोटाको
dewata	देवता
dewos	देओस्
deye	दिए
dhaan	धान
dhaarana	धारणा
dhaarmik	धार्मिक
dhairya	धैर्य
dhakalle	ढकालले
dhakalley	ढकालले
dhakne	ढाक्ने
dhamalako	धमलाको
dhamilo	धमिलो
dhan	धान
dhanda	धन्दा
dhanee	धनी
dhani	धनी
dhanya	धन्य
dhanyawad	धन्यवाद
dhara	धारा
dharaa	धारा
dharana	धारणा
dharati	धरती
dharautee	धरौटी
dharauti	धरौटी
dharke	धर्के
dharm	धर्म
dharma	धर्म
dharmik	धार्मिक
dharti	धर्ती
dhartima	धर्तीमा
dhasa	धासा
dhasyo	धस्यो
dhauchan	धाँउछन्
dhaune	धाउने
dher	धेर
dherai	धेरै
dheraijaso	धेरैजसो
dherey	धेरै
dhereyjasoo	धेरैजसो
dhikki	ढिक्की
dhoka	ढोका
dhoko	धोको
dhooka	ढोका
dhouna	द्यौन
dhubani	ढुवानी
dhukdhuki	ढुकढुकी
dhukdhukima	ढुकढुकीमा
dhun	धुन
dhunai	धुनै
dhuni	धुनी
dhuwa	धुँवा
dhuwani	ढुवानी
dhyaan	ध्यान
dhyan	ध्यान
dibas	दिवस
dibhijana	डिभिजन
dibya	दिब्य
dida	दिँदा
didai	दिँदै
didaina	दिँदैन
didi	दिदी
die	दिए
dieka	दिएका
dieko	दिएको
diepachi	दिएपछि
diera	दिएर
digital	डिजिटल
digo	दिगो
digoo	दिगो
dii	दिई
diieko	दिइएको
diii	दिई
diine	दिइने
diiney	दिइने
diiyeko	दिइएको
dijital	डिजिटल
diko	दिएको
dilai	दिलै
dilaideu	दिलाइदेऊ
dilko	दिलको
dilli	दिल्ली
din	दिन
dina	दिन
dinbhitra	दिनभित्र
dincha	दिन्छ
dinchhu	दिन्छु
dinda	दिँदा
dindaey	दिँदै
dindai	दिँदै
dine	दिने
diney	दिने
dinharu	दिनहरु
dinko	दिनको
dinma	दिनमा
dinnau	दिन्नौ
dinoo	दिनु
dinraat	दिनरात
dinsamma	दिनसम्म
dinu	दिनु
dinu	दिनू
dinubhayo	दिनुभयो
dinubhyo	दिनुभयो
dinuparcha	दिनुपर्छ
dinuparchha	दिनुपर्छ
dinuparne	दिनुपर्ने
dinuparney	दिनुपर्ने
dip	दीप
dirghakalin	दीर्घकालीन
dirghayuko	दीर्घायूको
diula	दिउला
diula	दिऊँला
diun	दिउँ
diuso	दिउँसो
diuu	दिऊ
divas	दिवस
division	डिभिजन
diwas	दिवस
diyako	दिएको
diye	दिए
diyeka	दिएका
diyeko	दिएको
diyepaxhi	दिएपछि
diyer	दिएर
diyera	दिएर
diyo	दियो
diyoma	दियोमा
dobatoma	दोबाटोमा
dohori	दोहोरी
dohoro	दोहोरो
dohoroo	दोहोरो
dollar	डलर
dollarko	डलरको
dolma	डोल्मा
doodh	दूध
dooree	दूरी
doorsanchaar	दूरसञ्चार
dori	डोरी
dosh	दोष
dosro	दोश्रो
dosro	दोस्रो
dosroo	दोश्रो
dosroo	दोस्रो
drishtiharu	दृष्टिहरू
drishya	द्रिश्य
dubai	डुबाइ
dubai	दुबै
dubai	दुवै
dubdai	डुब्दै
dubdo	डुब्दो
dubechha	डुबेछ
dubera	डुबेर
dubey	दुबै
dubey	दुवै
dubirahane	डुबिरहने
dubna	डुब्न
dudh	दूध
duee	दुई
dui	दुई
dui	दुर्इ
dukha	दुःख
dukha	दुख
dukhacha	दुख्छ
dukhchha	दुःख्छ
dukhda	दुख्दा
dukhdai	दुःख्दै
dukheko	दुःखेको
dukheko	दुखको
dukheko	दुखेका
dukheko	दुखेको
dukhi	दुखि
dukhi	दुखी
dukhisakyo	दुखिसक्यो
dukhit	दुःखित
dukkha	दुःख
dulne	डुल्ने
duniyasangai	दुनियासँगै
durga	दुर्गा
durgalal	दुर्गालाल
durghatana	दुर्घटना
durghatanaama	दुर्घटनामा
durghatna	दुर्घटना
durghatnama	दुर्घटनामा
duri	दूरी
dursanchar	दूरसञ्चार
durupyog	दुरुपयोग
duty	डिउटी
duwai	दुबै
duwai	दुवै
duye	दुई
dwaara	द्वारा
dwar	द्वार
dwara	द्वारा
easy	सजिलो
ebam	एवं
ebam	एवम्
echchya	इच्छा
economy	अर्थतन्त्र
economyma	अर्थतन्त्रमा
ee	ई
ek	एक
eka	एक
ekadeshma	एकादेशमा
ekai	एकै
ekaichhin	एकैछिन
ekal	एकल
ekala	एकल
ekata	एकता
ekchinko	एकछिनको
ekdamai	एकदमै
ekdin	एकदिन
ekey	एकै
ekhoro	एकहोरो
ekikrit	एकीकृत
ekikrita	एकीकृत
ekjana	एकजना
ekjanaa	एकजना
ekkasi	एक्सिस
ekkohoro	एकोहोरो
eklai	एक्लै
eklo	एक्लो
eklopanma	एक्लोपनमा
ekpatak	एकपटक
ektaa	एकता
election	चुनाव
electric	विद्युतीय
emale	एमाले
emaobadi	एमाओवादी
empty	खाली
end	एण्ड
engine	इंजिन
epiyef	एपीएफ
error	त्रुटि
etta	इट्टा
euta	एउटा
eutaa	एउटा
eutai	एउटै
eutey	एउटै
evam	एवं
ewam	एवं
ewam	एवम्
exam	परीक्षा
example	उदाहरण
eye	आँखा
face	मुख
face	सामना
fagun	फागुन
faha	फाहा
faida	फाइदा
failieko	फैलिएको
failiyeka	फैलिएका
failiyeko	फैलिएको
failiyo	फैलियो
faisala	फैसला
faisalama	फैसलामा
faisla	फैसला
fakayou	फकायौ
fakriyera	फक्रिएर
falosh	फलोस
farak	फरक
farfar	फरफर
farka	फर्क
farkera	फर्केर
farkin	फर्किन
farkine	फर्किने
farming	खेती
fatteman	फत्तेमान
fed	फेद
fela	फेला
feri	फेरि
ferna	फेर्न
fertilizer	मल
fijai	फिँजाई
filim	फिल्म
fine	जरिवाना
firad	फिराद
firlan	फिर्लान्
first	पहिला
first	प्रथम
firta	फिर्ता
flight	विमान
fon	फोन
football	फुटबल
force	बल
foto	फोटो
fulaun	फुलाऊँ
fulharuma	फूलहरुमा
fulko	फूलको
fulna	फुल्न
fulos	फुलोस
fulsitai	फूलसितै
fund	कोष
futbal	फुटबल
futyo	फुट्यो
g	जि
gaadi	गाडी
gaagarima	गागरीमा
gaahro	गाह्रो
gaai	गाई
gaari	गरी
gaau	गाउँ
gaaucha	गाउँछ
gaauma	गाउँमा
gaauma	गाउमा
gaaun	गाउँ
gaaunma	गाउँमा
gaaupaalika	गाउँपालिका
gabis	गाविस
gadha	गाढा
gadhiye	टाधीए
gadi	गाडी
gae	गए
gaee	गई
gaeka	गएका
gaeko	गएको
gaepachi	गएपछि
gaera	गएर
gaeypaxhi	गएपछि
gaha	गह
gahro	गाह्रो
gai	गई
gain	गइन्
gaine	गईने
gairkanuni	गैरकानूनी
gajal	गाजल
gajalu	गाँजलु
gako	गएको
galat	गलत
galata	गलत
galtee	गल्ती
galti	गल्ती
gambheer	गम्भीर
gambhir	गम्भीर
ganama	गानामा
ganana	गणना
gananaa	गणना
gandakee	गण्डकी
gandaki	गण्डकी
ganesa	गणेश
ganesh	गणेश
ganga	गंगा
gansera	गाँसेर
garaeka	गराएका
garaeko	गराएको
garai	गराई
garaieko	गराइएको
garaiyeko	गराइएको
garako	गरिएको
garara	गरर
garau	गरौँ
garaun	गराउन
garauna	गराउन
garaunchha	गराउँछ
garaundaey	गराउँदै
garaundai	गराउँदै
garaune	गराउने
garauney	गराउने
garaunoo	गराउनु
garaunu	गराउनु
garaye	गराई
garayeka	गराएका
garayeko	गराएको
garcha	गर्छ
garchan	गर्छन्
garchau	गर्छौ
garchha	गर्छ
garchhan	गर्छन
garchhan	गर्छन्
garchhe	गर्छे
garchin	गर्छिन
garchu	गर्छु
garda	गर्दा
gardaa	गर्दा
gardacha	गर्दछ
gardachan	गर्दछन्
gardachha	गर्दछ
gardachhan	गर्दछन्
gardaey	गर्दै
gardai	गर्दै
gare	गरे
gare	गरें
garee	गरि
garee	गरी
gareka	गरेका
garekaa	गरेका
garekale	गरेकाले
garekee	गरेकी
gareki	गरेकी
gareko	गरेको
garekole	गरेकोले
garekoley	गरेकोले
garekoma	गरेकोमा
garekoo	गरेको
garekooma	गरेकोमा
garema	गरेमा
garemaa	गरेमा
garepachi	गरेपछि
garepaxhi	गरेपछि
garepaxi	गरेपछि
garera	गरेर
garethe	गरेथेँ
garey	गरे
garho	गार्हो
garho	गाह्रो
gari	गरि
gari	गरी
garib	गरीब
garidieko	गरिदिएको
garidiyeko	गरिदिएको
garieka	गरिएका
garieko	गरिएको
garincha	गरिन्छ
garinchha	गरिन्छ
garine	गरिने
garinecha	गरिनेछ
garinechha	गरिनेछ
garinexa	गरिनेछ
gariney	गरिने
garinxa	गरिन्छ
garipau	गरिपाउँ
garipau	गरिपाऊँ
garipaun	गरिपाउँ
garipaun	गरिपाऊँ
gariraheka	गरिरहेका
gariraheko	गरिरहेको
gariraka	गरिरहेका
garirako	गरिरहेको
garisakeka	गरिसकेका
garisakekaa	गरिसकेका
garisakeko	गरिसकेको
garisakekoo	गरिसकेको
gariyako	गरिएको
gariyeka	गरिएका
gariyeko	गरिएको
gariyo	गरियो
garka	गरेका
garkaley	गरेकाले
garkyo	गरेको
garn	गर्न
garna	गर्न
garnaka	गर्नका
garnakaa	गर्नका
garnale	गर्नाले
garnay	गर्ने
garne	गर्ने
garnecha	गर्नेछ
garnechha	गर्नेछ
garneharulai	गर्नेहरूलाई
garnei	गर्ने
garnexa	गर्नेछ
garnoo	गर्नु
garnu	गर्नु
garnubhaeko	गर्नुभएको
garnubhayo	गर्नुभएको
garnubhayo	गर्नुभयो
garnubhyo	गर्नुभयो
garnuko	गर्नुको
garnuparcha	गर्नुपर्छ
garnuparchha	गर्नुपर्छ
garnuparne	गर्नुपर्ने
garnuparney	गर्नुपर्ने
garnuparxa	गर्नुपर्छ
garo	गारो
garrer	गरेर
garthe	गर्थे
garxa	गर्छ
garxan	गर्छन्
garyo	गर्यो
garyoo	गर्यो
garyou	गर्यौ
gas	ग्यास
gaseko	गाँसेको
gat	गत
gata	गत
gate	गते
gatedekhi	गतेदेखि
gatee	गति
gateema	गतिमा
gateko	गतेको
gatesamma	गतेसम्म
gatey	गते
gateydekhee	गतेदेखि
gateyko	गतेको
gateysamm	गतेसम्म
gathan	गठन
gathana	गठन
gati	गति
gatibidhi	गतिविधि
gatima	गतिमा
gatiwidhi	गतिविधि
gau	गाउँ
gauma	गाउँमा
gaun	गाउँ
gauna	गाउन
gaunma	गाउँमा
gaunpalika	गाउँपालिका
gautam	गौतम
gautamle	गौतमले
gawis	गाविस
gaye	गई
gaye	गए
gayeka	गएका
gayeko	गएको
gayer	गएर
gayera	गएर
gayko	गएको
gayo	गयो
geet	गीत
geetharuma	गीतहरुमा
geetko	गीतको
ghaans	घाँस
ghaarama	घरमा
ghaata	घाटा
ghada	घडा
ghaite	घाइते
ghamlai	घामलाई
ghamle	घामले
ghanta	घण्टा
ghantama	घण्टामा
ghar	घर
ghara	घर
gharaabaata	घरबाट
gharalai	घरलाई
gharbata	घरबाट
ghareloo	घरेलु
gharelu	घरेलु
ghari	घरी
gharighari	घरिघरि
gharjam	घरजम
gharko	घरको
gharkoo	घरको
gharma	घरमा
gharmai	घरमै
gharmey	घरमै
ghata	घाटा
ghatana	घटना
ghatanaakoo	घटनाको
ghatanaama	घटनामा
ghatdo	घट्दो
ghateko	घटेको
ghatekoo	घटेको
ghater	घटेर
ghatera	घटेर
ghatna	घटना
ghatnako	घटनाको
ghatnama	घटनामा
ghatyo	घट्यो
ghatyoo	घट्यो
ghayite	घाइते
ghorle	धोर्ले
ghosana	घोषणा
ghoshana	घोषणा
ghosit	घोषित
ghosita	घोषित
ghumisakyau	घुमैसक्यौ
ghumna	घुम्न
ghumtoharule	घुम्टोहरू
git	गीत
gk	जिके
godhuli	गोधुली
gol	गोल
gold	सुन
golee	गोली
goli	गोली
gool	गोल
goretoma	गोरेटोमा
gorkha	गोरखा
gorkhaa	गोरखा
goru	गोरु
goutam	गौतम
goutamley	गौतमले
graahak	ग्राहक
graahakley	ग्राहकले
graameen	ग्रामीण
grahak	ग्राहक
grahakle	ग्राहकले
grahan	ग्रहण
grahana	ग्रहण
gramin	ग्रामीण
grant	अनुदान
griha	गृह
guff	गफ
gulab	गुलाव
gumba	गुम्बा
gumsiyeko	गुम्सिएको
gunaasoo	गुनासो
gunaso	गुनासो
gunastar	गुणस्तर
gunastariya	गुणस्तरीय
gunda	गुण्डा
gungunaule	गुनगुनाउले
gurashko	गुराँसको
guru	गुरू
gurun	गुरुङ
gurung	गुरुङ
gurung	गुरूङ्ग
gurungle	गुरुङले
gurungley	गुरुङले
guthee	गुठी
guthi	गुठी
gyan	ज्ञान
gyana	ज्ञान
gyas	ग्यास
ha	हा
haaaaaaa	हाअाआआ
haajir	हाजिर
haal	हाल
haalei	हालै
haalko	हालको
haalsamma	हालसम्म
haami	हामी
haamilai	हामीलाई
haamile	हामीले
haamra	हाम्रा
haamro	हाम्रो
haanna	हान्न
haans	हाँस
haansoko	हाँसोको
haaraahaareema	हाराहारीमा
haasil	हासिल
haat	हात
haatama	हातमा
haatharu	हातहरू
haatma	हातमा
habai	हवाई
hadasamm	हदसम्म
haddi	हड्डी
hadmyaad	हदम्याद
hadmyad	हदम्याद
hadsamma	हदसम्म
hai	है
haina	हैन
hajar	हजार
hajarbhanda	हजारभन्दा
hajir	हाजिर
hajur	हजुर
hak	हक
haka	हक
hakakoo	हकको
hakama	हकमा
hakko	हकको
hakma	हकमा
hal	हाल
halai	हालै
halchu	हाल्छु
halera	हालेर
hali	हाली
halko	हालको
halsamma	हालसम्म
hamala	हमला
hamama	हमम
hamee	हामी
hami	हामी
hamilai	हामिलाई
hamilai	हामीलाई
hamile	हामीले
hamiley	हामीले
hamra	हाम्रा
hamrai	हाम्रै
hamro	हाम्रो
handeunki	हान्देउँकी
hanera	हानेर
hangkang	हङकङ
hani	हानी
hanseko	हाँसेको
hanso	हाँसो
hapta	हप्ता
har	हर
haraharima	हाराहारीमा
harau	हराऊ
harauchhu	हराउँछु
haraye	हराए
harayo	हरायो
hardam	हरदम
harek	हरेक
hareka	हरेक
hareko	हारेको
haribhakta	हरिभक्त
hariyali	हरियाली
harna	हर्न
harsa	हर्ष
harsale	हर्षले
hasaau	हँसाऊ
hasaunchha	हँसाउँछ
hasdaichau	हाँस्दैछौ
hasil	हासिल
hasobhitra	हाँसोभित्र
hastakshar	हस्ताक्षर
hastantaarana	हस्तान्तरण
hastantaran	हस्तान्तरण
hastaxar	हस्ताक्षर
hat	हात
hataun	हटाउन
hatauna	हटाउन
hataune	हटाउने
hatauney	हटाउने
hatiyaar	हतियार
hatiyar	हतियार
hatkelaharu	हत्केलाहरू
hatma	हातमा
hatya	हत्या
hatyaa	हत्या
hau	हौं
haun	हौं
hawaharuma	हावाहरुमा
hawai	हवाई
hawaijahaj	हवाईजहाज
hazaar	हजार
hazaarbhandaa	हजारभन्दा
hazar	हजार
he	ऊ
head	हेड
heera	हीरा
help	मद्दत
hem	हेम
hera	हेर
heraima	हेराईमा
herana	हेरन
herchhu	हेर्छु
herda	हेर्दा
herdaa	हेर्दा
herdai	हेर्दै
herechhu	हेरेछु
hereko	हेरेको
herepani	हेरेपनि
herer	हेरेर
herera	हेरेर
hererai	हेरेरई
herinadeuu	हेरिनदेऊ
herirahyo	हेरिरह्यो
hern	हेर्न
herna	हेर्न
herna	हेर्ने
herne	हेर्ने
herney	हेर्ने
herou	हेरौ
heryo	हेर्यो
hiddai	हिँड्दै
hide	हिँडे
hidechhu	हिँडेछु
hideko	हिँडेको
hidi	हिँडी
hidirahechhan	हिँडिरहेछ
hidirahechu	हिँडिरहेछु
hidu	हिडूँ
hidyou	हिँड्यौ
hijo	हिजो
hijoko	हिजोको
hijoo	हिजो
himaal	हिमाल
himaalee	हिमाली
himal	हिमाल
himali	हिमाली
himalko	हिमालको
hinsa	हिंसा
hinsaa	हिंसा
hisaabley	हिसाबले
hisable	हिसाबले
hissa	हिस्सा
hissaa	हिस्सा
history	इतिहास
ho	हो
hoin	होइन
hoina	होइन
hoina	होईन
hoinn	होइन
hola	होला
holaa	होला
hom	होम
home	गृह
home	होम
hoo	हो
hoos	होस्
hos	होस्
hospitalma	अस्पतालमा
hotel	होटल
hotela	होटल
hotelaama	होटलमा
hotelma	होटलमा
hou	हौ
hourma	घण्टामा
hridayama	हृदयमा
hriydayako	हृदयको
hryidaye	हृदय
hu	हुँ
huda	हुँदा
huda	हुंदा
hudaa	हुँदा
hudai	हुँदै
hudaichha	हुदैछ
hudain	हुँदैन
hudaina	हुँदैन
hun	हुँ
hun	हुन
hun	हुन्
hun	हूँ
huna	हुन
huna	हुन्
hunale	हुनाले
hunaley	हुनाले
hunasakcha	हुनसक्छ
hunasakchha	हुनसक्छ
hunasakne	हुनसक्ने
hunasakney	हुनसक्ने
hunasakxa	हुनसक्छ
hunay	हुने
hunch	हुन्छ
huncha	हुन्छ
hunchan	हुन्छन्
hunchau	हुन्छौ
hunchha	हुन्छ
hunchhan	हुन्छन्
hunchhin	हुन्छिन्
hunda	हुंदा
hundaa	हुँदा
hundaey	हुँदै
hundaina	हुँदैन
hune	हुने
hunecha	हुनेछ
hunechha	हुनेछ
huneko	हुनेको
hunekoo	हुनेको
hunema	हुनेमा
hunexa	हुनेछ
huney	हुने
huneyma	हुनेमा
hunna	हुन्न
hunoo	हुनु
hunthyo	हुन्थो
hunthyo	हुन्थ्यो
hunthyoo	हुन्थ्यो
hunu	हुनु
hunuhuncha	हुनुहुन्छ
hunuhunchha	हुनुहुन्छ
hunuhunxa	हुनुहुन्छ
hunuparcha	हुनुपर्छ
hunuparchha	हुनुपर्छ
hunuparne	हुनुपर्ने
hunuparney	हुनुपर्ने
hunuparxa	हुनुपर्छ
hunxa	हुन्छ
hunxan	हुन्छन्
huri	हुरी
hurkerra	हुकेर्र
hya	हया
ichha	इच्छा
ichhha	इच्छा
illegal	अवैध
illegal	गैरकानूनी
income	आय
indriyeharuko	इन्द्रियहरूको
insaaph	इन्साफ
insaf	इन्साफ
interest	ब्याज
itee	इति
iti	इति
itihaas	इतिहास
itihas	इतिहास
ixa	इच्छा
jaadai	जाँदै
jaaheree	जाहेरी
jaalasaajee	जालसाजी
jaalma	जालमा
jaanda	जाँदा
jaankari	जानकारी
jaari	जारी
jaatiya	जातीय
jaau	जाऊ
jaau	जाऊँ
jaaun	जाँउ
jaaun	जाउँ
jab	जब
jaba	जब
jabaf	जवाफ
jach	जाँच
jada	जाँदा
jadaana	जडान
jadan	जडान
jaga	जग्गा
jagaako	जग्गाको
jagaama	जग्गामा
jagama	जगमा
jagga	जग्गा
jaggaa	जग्गा
jaggako	जग्गाको
jaggama	जग्गामा
jaha	जहाँ
jahaa	जहाँ
jahaaj	जहाज
jahaj	जहाज
jahan	जहाँ
jaheri	जाहेरी
jahikahi	जहीकही
jahile	जहिले
jaile	जैले
jalaidincha	जलाईदिन्छ
jalaima	जालैमा
jalap	जलप
jalbidhyut	जलविद्युत्
jali	जली
jalirahechha	जलिरहेछ
jalirane	जलीराने
jalna	जल्न
jalne	जल्ने
jalsaji	जालसाजी
jalwidyut	जलविद्युत्
jamma	जम्मा
jammaa	जम्मा
jan	जान
jana	जना
jana	जान
janaa	जना
janaako	जनाको
janaalaai	जनालाई
janaaley	जनाले
janaama	जनामा
janaeka	जनाएका
janaeko	जनाएको
janaieko	जनाइएको
janaiyeko	जनाइएको
janako	जनाएको
janako	जनाको
janalai	जनालाई
janale	जनाले
janama	जनामा
janardan	जनार्दन
janasakti	जनशक्ति
janasankhya	जनसंख्या
janasankhya	जनसङ्ख्या
janashakti	जनशक्ति
janayeka	जनाएका
janayeko	जनाएको
janch	जाँच
jancha	जान्छ
janchau	जान्छाै
janchha	जान्छ
janchhou	जान्छौ
janda	जाँदा
jane	जाने
janeko	जानेको
janey	जाने
jankaari	जानकारी
jankaree	जानकारी
jankari	जानकारी
janma	जन्म
janmera	जन्मेर
janoo	जानु
janta	जनता
jantaa	जनता
jantaakoo	जनताको
jantaalaai	जनतालाई
jantaaley	जनताले
jantako	जनताको
jantalai	जनतालाई
jantale	जनताले
janu	जानु
janu	जानू
janxa	जान्छ
japaan	जापान
japan	जापान
jaree	जारी
jari	जारी
jaribana	जरिवाना
jariwana	जरिवाना
jaruree	जरुरी
jaruri	जरुरी
jasai	जसै
jasalaai	जसलाई
jasaley	जसले
jasama	जसमा
jasaree	जसरी
jasari	जसरी
jash	जश
jaska	जसका
jaskaa	जसका
jasko	जसको
jaskoo	जसको
jaslai	जसलाई
jasle	जसले
jasma	जसमा
jaso	जसो
jasta	जस्ता
jastaa	जस्ता
jastai	जस्तै
jastey	जस्तै
jasto	जस्तो
jastoo	जस्तो
jatatira	जतातिर
jatee	जति
jati	जति
jati	जाति
jatiya	जातीय
jato	जाँतो
jawab	जवाफ
jawaf	जवाफ
jay	जय
jayanti	जयन्ती
je	जे
jeet	जित
jesukai	जेसुकै
jeth	जेठ
jetha	जेठ
jeudai	ज्यूँदै
jey	जे
jhagada	झगडा
jhagdaa	झगडा
jhai	झै
jhain	झैन्
jhajhalko	झझल्को
jhalalala	झललल
jhalkirahane	झल्किरहने
jhalmalauchin	झलमलाउँछिन्
jhan	झन
jhan	झन्
jhana	झन्
jhanai	झनै
jhanda	झण्डा
jhandai	झण्डै
jhandai	झन्डै
jhandey	झण्डै
jhandey	झन्डै
jhaney	झनै
jharanako	झरनाको
jhardachha	झर्दछ
jhare	झरे
jharechha	झेरछ
jhari	झरि
jhari	झरी
jharu	झरु
jhola	झोला
jhulka	झुल्का
jhulkincha	झुल्किन्छ
jhumeko	झुमेको
jhupro	झुप्रो
jhuta	झुटा
jhuta	झुठ्ठा
jhutho	झुठो
jhuto	झुटो
jhutro	झुत्रो
jhuttha	झुठ्ठा
jhyal	झ्याल
jhyalbata	झ्यालबाट
jiban	जीवन
jibanko	जीवनको
jibanma	जीवनमा
jihaunchaun	चिहउँछौं
jikeer	जिकिर
jikeer	जिकीर
jikir	जिकिर
jikir	जिकीर
jila	जिल्ला
jilla	जिल्ला
jillaa	जिल्ला
jillaaka	जिल्लाका
jillaako	जिल्लाको
jillaama	जिल्लामा
jillaka	जिल्लाका
jillako	जिल्लाको
jillama	जिल्लामा
jimma	जिम्मा
jimmaa	जिम्मा
jimmabaar	जिम्मेवार
jimmabari	जिम्मेवारी
jimmawar	जिम्मेवार
jimmawari	जिम्मेवारी
jindagani	जिन्दगानी
jindagani	जीन्दगानी
jindagi	जिन्दगी
jindagiko	जिन्दगीको
jindagiko	जीन्दगिको
jindagiko	जीन्दगीको
jindagima	जिन्दगीमा
jindagima	जीन्दगीमा
jiriri	जिरिरी
jiskyaunu	जिस्क्याउनु
jiskyayekai	जिस्क्याएकै
jit	जित
jit	जीत
jitnu	जित्नु
jiuna	जिउन
jiune	जिउने
jiunechu	जिउनेछु
jiuunu	जिउनु
jivan	जीवन
jiwan	जीवन
jiwanabharika	जीवनभरीका
jiwanka	जीवनका
jiwankoo	जीवनको
jiwanlai	जीवनलाई
jiwanma	जीवनमा
jlaima	जलैमा
jo	जो
joban	जोवन
jod	जोड
joda	जोड
jodieko	जोडिएको
jodiene	जोडिइने
jodiyeko	जोडिएको
jodle	जोड्ले
jodne	जोड्ने
jodney	जोड्ने
john	जोन
jokhim	जोखिम
jokhima	जोखिम
joo	जो
josinthe	जोसिन्थे
jugaulajhai	जुगौँलाझैँ
juhar	जुहार
julna	जुल्न
jun	जुन
jun	जून
juneli	जुनेली
juni	जुन
juni	जुनि
junsukai	जुनसुकै
junsukey	जुनसुकै
jurukka	जुरक्क
jwala	ज्वाला
jyaan	ज्यान
jyan	ज्यान
jyathaharu	ज्यथाहरू
jyudolai	ज्यूँदोलाई
ka	का
kaa	का
kaagaj	कागज
kaagajka	कागजका
kaalo	कालो
kaam	काम
kaama	काम
kaamdaar	कामदार
kaamko	कामको
kaamma	काममा
kaanle	कानले
kaanoon	कानुन
kaanoon	कानून
kaanoonbamojim	कानूनबमोजिम
kaanooni	कानुनी
kaanooni	कानूनी
kaanoonko	कानूनको
kaanoonley	कानूनले
kaaraambaata	कारणबाट
kaaran	कारण
kaaranley	कारणले
kaarobar	कारोबार
kaatne	काट्ने
kaatu	काटुँ
kaayam	कायम
kabab	कबाब
kabita	कविता
kacha	कच्चा
kachcha	कच्चा
kada	कडा
kada	काँडा
kadaa	कडा
kadam	कदम
kadama	कदम
kadapi	कदापि
kagaj	कागज
kaha	कहाँ
kahaa	कहाँ
kahan	कहाँ
kahi	काही
kahile	कहिले
kahiley	कहिले
kahilyai	कहिल्यै
kahin	काहीँ
kahin	काहीं
kaid	कैद
kaida	कैद
kaile	कहिले
kaile	कैले
kailye	कहिल्यै
kaiyan	कैयन्
kaksha	कक्षा
kala	कला
kalaa	कला
kalaakaar	कलाकार
kalakar	कलाकार
kalam	कलम
kalebung	कालेबुङ
kalej	कलेज
kali	काली
kalkal	कलकल
kalo	कालो
kalpa	कल्प
kalpana	कल्पना
kalpanako	कल्पनाको
kalpanama	कल्पनामा
kalpin	कल्पिन
kam	कम
kam	काम
kama	कम
kamaencha	कमाइन्छ
kamajor	कमजोर
kamakoo	कामको
kamala	कमला
kamalko	कमलको
kamana	कामना
kamdar	कामदार
kamee	कमी
kami	कमी
kamiti	कमिटी
kamjor	कमजोर
kamjori	कमजोरी
kamjorima	कमजोरीमा
kamma	काममा
kammar	कम्मर
kampani	कम्पनी
kampaniharuley	कम्पनीहरूले
kampanika	कम्पनीका
kampaniko	कम्पनीको
kampanilaai	कम्पनीलाई
kampanma	कम्पनीमा
kampyutar	कम्प्युटर
kamteema	कम्तीमा
kamtima	कम्तीमा
kamyunist	कम्युनिष्ट
kanama	कानामा
kanchhi	कान्छी
kangres	कांग्रेस
kanti	कान्ति
kanun	कानुन
kanun	कानून
kanunbamojim	कानूनबमोजिम
kanuni	कानुनी
kanuni	कानूनी
kanunko	कानूनको
kanunle	कानूनले
kanya	कन्या
kapada	कपडा
kapda	कपडा
kar	कर
kar	कार
kara	कर
karaar	करार
karan	कारण
karana	कारण
karanbata	कारणबाट
karanee	करणी
karani	करणी
karanle	कारणले
karar	करार
karbahi	कारबाही
karbahi	कारवाही
kareeb	करिब
kareeb	करीब
karib	करिब
karib	करीब
karja	कर्जा
karjaa	कर्जा
karkee	कार्की
karki	कार्की
karkile	कार्कीले
karkiley	कार्कीले
karmacharee	कर्मचारी
karmachareelaai	कर्मचारीलाई
karmachari	कर्मचारी
karmachariko	कर्मचारीको
karmacharilai	कर्मचारीलाई
karmacharile	कर्मचारीले
karmachariley	कर्मचारीले
karmako	कर्मको
karmamaa	कर्ममा
karnalees	कर्णाली
karnali	कर्णाली
karobar	कारोबार
karod	करोड
karodko	करोडको
karodkoo	करोडको
kartabya	कर्तव्य
kartawya	कर्तव्य
kartik	कात्तिक
karvahi	कारवाही
karwahi	कारबाही
karwahi	कारवाही
karya	कार्य
karyaalaai	कार्यलाई
karyabidhi	कार्यविधि
karyakaree	कार्यकारी
karyakari	कार्यकारी
karyakram	कार्यक्रम
karyakramama	कार्यक्रममा
karyakramka	कार्यक्रमका
karyakramkaa	कार्यक्रमका
karyakramko	कार्यक्रमको
karyakramkoo	कार्यक्रमको
karyakramma	कार्यक्रममा
karyalai	कार्यलाई
karyalay	कार्यालय
karyalaya	कार्यालय
karyalayabaata	कार्यालयबाट
karyalayabata	कार्यालयबाट
karyalayaka	कार्यालयका
karyalayakaa	कार्यालयका
karyalayako	कार्यालयको
karyalayale	कार्यालयले
karyalayaley	कार्यालयले
karyalayama	कार्यालयमा
karyalayko	कार्यालयको
karyalayma	कार्यालयमा
karyama	कार्यमा
karyamaa	कार्यमा
karyanyan	कार्यान्वयन
karyanyanma	कार्यान्वयनमा
karyanyawan	कार्यान्वयन
karyanyawanma	कार्यान्वयनमा
karyarat	कार्यरत
karyarata	कार्यरत
karyawidhi	कार्यविधि
kasaiko	कसैको
kasaikoo	कसैको
kasailaai	कसैलाई
kasailai	कसैलाई
kasaile	कसैले
kasailey	कसैले
kasaima	कसैमा
kasaree	कसरी
kasari	कसरी
kash	काश
kashi	काशी
kaskee	कास्की
kaski	कास्की
kaslai	कसलाई
kaslai	कस्लाई
kasle	कस्ले
kasoor	कसूर
kasori	कसोरी
kasto	कस्तो
kastoo	कस्तो
kasur	कसूर
katai	कतै
katautee	कटौती
katauti	कटौती
katecha	काटेछ
katee	कति
katera	काटेर
katey	कतै
katha	कथा
kathaa	कथा
kathaharu	कथाहरू
kathako	कथाको
kathin	कठिन
kathina	कठिन
kathmadaun	काठमाडौं
kathmandau	काठमाडौँ
kathmandau	काठमाडौं
kathmandu	काठमाडौँ
kathmandu	काठमाडौं
kathmandu	काठामाण्डौं
kathmanduko	काठमाडौंको
kathmanduma	काठमाडौंमा
kati	कति
kati	काटी
katipay	कतिपय
katipaya	कतिपय
katta	कट्टा
kattaa	कट्टा
kattik	कात्तिक
kattika	कत्तिका
katuwal	कटुवाल
kavya	काभ्य
kawita	कविता
kaxa	कक्षा
kayam	कायम
kcle	केसीले
kcley	केसीले
ke	के
kebal	केबल
kebal	केवल
kee	कि
kee	की
kehee	केहि
kehee	केही
kehei	केही
kehi	केहि
kehi	केहिँ
kehi	केही
kema	केमा
kendr	केन्द्र
kendra	केन्द्र
kendrama	केन्द्रमा
kendreeya	केन्द्रीय
kendrit	केन्द्रित
kendrita	केन्द्रित
kendriya	केन्द्रीय
keshharu	केशहरू
ketako	केटाको
keti	केटि
ketole	केटोले
keval	केवल
kewal	केवल
key	के
khaadya	खाद्य
khaali	खाली
khaalkaa	खालका
khaalko	खालको
khaan	खान
khaana	खाना
khaarej	खारेज
khaas	खास
khaasgari	खासगरी
khaata	खाता
khabar	खबर
khabara	खबर
khacho	खाँचो
khada	खडा
khadaa	खडा
khadya	खाद्य
khadyanna	खाद्यान्न
khaidinchhu	खाइदिन्छु
khali	खाली
khaling	खालिङ्ग
khalka	खालका
khalko	खालको
khamata	क्षमता
khamatako	क्षमताको
khan	खान
khana	खान
khana	खाना
khanaal	खनाल
khanal	खनाल
khand	खण्ड
khanda	खण्ड
khandama	खण्डमा
khandma	खण्डमा
khane	खाने
khanepanee	खानेपानी
khanepani	खानेपानी
khaney	खाने
khanthi	खान्थी
khanu	खानु
khapat	खपत
khapata	खपत
kharaab	खराब
kharab	खराब
kharani	खरानी
kharb	खर्ब
kharba	खर्ब
kharch	खर्च
kharcha	खर्च
khareed	खरिद
khareed	खरीद
kharej	खारेज
kharid	खरिद
kharid	खरीद
khas	खास
khasai	खासै
khasaideu	खसाइदेऊ
khase	खसे
khasechha	खसेछ
khasey	खासै
khasgari	खासगरी
khata	खाटा
khata	खाता
khati	क्षति
khatipurti	क्षतिपूर्ति
khaye	खाए
khayo	खायो
khel	खेल
khela	खेल
khelaadee	खेलाडी
kheladi	खेलाडी
khelakoo	खेलको
khelama	खेलमा
khelda	खेल्दा
kheleko	खेलेको
khelko	खेलको
khelkud	खेलकुद
khelma	खेलमा
kheln	खेल्न
khelna	खेल्न
khelne	खेल्ने
khelney	खेल्ने
khetee	खेती
kheti	खेती
khetra	क्षेत्र
khetrabata	क्षेत्रबाट
khetrafal	क्षेत्रफल
khetraka	क्षेत्रका
khetrako	क्षेत्रको
khetralrai	क्षेत्रलाई
khetrama	क्षेत्रमा
khetriya	क्षेत्रीय
khichola	खिचोला
khicholaa	खिचोला
khojchu	खोज्छु
khojdai	खोज्दै
khojeko	खोजेको
khojekoo	खोजेको
khojera	खोजेर
khoji	खोजी
khojima	खोजमा
khojirahechu	खोजीरहेछु
khojne	खोज्ने
khojney	खोज्ने
khol	खोल
kholaharu	खोलाहरू
kholako	खोलाको
kholera	खेलेर
kholi	खोलि
kholi	खोली
kholn	खोल्न
kholna	खोल्न
kholne	खोल्ने
kholney	खोल्ने
khoojee	खोजी
khoop	खोप
khop	खोप
khsitijma	क्षितिजमा
khud	खुद
khuda	खुद
khula	खुला
khulaa	खुला
khulcha	खुल्छ
khulduli	खुल्दुली
khuleko	खुलेको
khulekoo	खुलेको
khulera	खुलेर
khullan	खुल्लान्
khusee	खुशी
khusee	खुसी
khushiko	खुशीको
khushiko	खुसीको
khushima	खुशीमा
khusi	खुशी
khusi	खुसि
khusi	खुसी
khusilai	खुशीलाइ
khutta	खुट्टा
ki	कि
ki	की
kilometer	किलोमिटर
kin	किन
kina	किन
kinabhane	किनभने
kinabhnei	किनभने
kinakee	किनकि
kinaki	किनकि
kinaraharu	किनारहरू
kinaraima	किनारैमा
kinbech	किनबेच
kinbechha	किनबेच
kinna	किन्न
kintu	किन्तु
kirai	किरै
kiran	किरण
kiriya	किरिया
kisaan	किसान
kisaanley	किसानले
kisan	किसान
kisanle	किसानले
kisimakoo	किसिमको
kisimka	किसिमका
kisimkaa	किसिमका
kisimko	किसिमको
kitablai	किताबलाई
kitta	कित्ता
kittaa	कित्ता
klab	क्लब
klabley	क्लबले
kmale	एमाले
knowledge	ज्ञान
ko	को
kobhid	कोभिड
kohee	कोही
kohi	कोही
koilidebi	कोइलीदेवी
koiraala	कोइराला
koirala	कोइराला
koiralaaley	कोइरालाले
koiralale	कोइरालाले
koli	केपी
koo	को
kool	कूल
koren	कोरेँ
korera	कोरेर
kori	कोरि
koriyechha	कोरिएछ
koriyeko	कोरिएको
korna	कोर्न
korona	कोरोना
koronabhairas	कोरोनाभाइरस
koronakoo	कोरोनाको
kos	कोष
kosakoo	कोषको
kosh	कोष
koshko	कोषको
kothaama	कोठामा
kothama	कोठामा
koti	कोटी
kp	केपी
kram	क्रम
krama	क्रम
kramama	क्रममा
kramasa	क्रमशः
kramma	क्रममा
kramsah	क्रमशः
kriket	क्रिकेट
krishi	कृषि
krishna	कृष्ण
krisi	कृषि
krisna	कृष्ण
kshan	क्षण
kshanharu	क्षणहरु
kshati	क्षति
kshatri	क्षत्री
kshemata	क्षमता
kshetra	क्षेत्र
kshetraka	क्षेत्रका
kshetrako	क्षेत्रको
kshetrama	क्षेत्रमा
kshetriya	क्षेत्रीय
ktm	काठमाडौँ
ktm	काठमाडौं
ktmko	काठमाडौंको
ktmma	काठमाडौंमा
ku	कु
kuhiro	कुहिरो
kul	कुल
kul	कूल
kula	कुल
kuli	कुली
kumaar	कुमार
kumar	कुमार
kumati	कुमति
kun	कुन
kuna	कुन
kunai	कुनै
kunama	कुनामा
kunei	कुनै
kuney	कुनै
kura	कुरा
kuraa	कुरा
kuraako	कुराको
kuraalaai	कुरालाई
kuraama	कुरामा
kurako	कुराको
kuralai	कुरालाई
kurama	कुरामा
kuro	कुरो
kusume	कुसुमे
kutpeet	कुटपिट
kutpit	कुटपिट
kwarentinma	क्वारेन्टिनमा
kya	क्या
kyai	क्यै
kyampas	क्याम्पस
laabh	लाभ
laagata	लागत
laageka	लागेका
laageko	लागेको
laager	लागेर
laagi	लागि
laagi	लागी
laagiyeko	लागिएको
laagn	लाग्न
laagney	लाग्ने
laagoo	लागु
laagoo	लागू
laagu	लागु
laagyo	लाग्यो
laai	लाई
laajko	लाजको
laakh	लाख
laama	लामा
laamo	लामो
laba	लव
labh	लाभ
labhansa	लाभांश
labhansha	लाभांश
ladyou	लड्यौ
lagaaidiunla	लगाईदिउँला
lagaain	लगाइन्
lagaani	लगानी
lagaanikaa	लगानीका
lagaanikartaa	लगानीकर्ता
lagaanikartaley	लगानीकर्ताले
lagaanikoo	लगानीको
lagaanima	लगानीमा
lagaataar	लगातार
lagaayat	लगायत
lagaayatka	लगायतका
lagaeka	लगाएका
lagaeko	लगाएको
lagaera	लगाएर
lagai	लगाई
lagaieko	लगाइएको
lagairoun	लगाईरौँ
lagaiyeko	लगाइएको
laganee	लगानी
lagani	लगानी
laganika	लगानीका
laganikarta	लगानीकर्ता
laganikartale	लगानीकर्ताले
laganiko	लगानीको
laganima	लगानीमा
lagat	लगत
lagat	लागत
lagata	लगत
lagatar	लगातार
lagaun	लगाउन
lagauna	लगाउन
lagaune	लगाउने
lagauney	लगाउने
lagayat	लगायत
lagayatka	लगायतका
lagaye	लगाई
lagayeka	लगाएका
lagayeko	लगाएको
lagayer	लगाएर
lagbhag	लगभग
lagcha	लाग्छ
lagchha	लाग्छ
lagda	लाग्दा
lagdaina	लाग्दैन
lagee	लागि
lagee	लागी
lageka	लागेका
lageko	लागेको
lagera	लागेर
lagi	लागि
lagi	लागी
lagieko	लागिएको
lagla	लाग्ला
lagna	लाग्न
lagne	लाग्ने
lagu	लागु
lagu	लागू
lagxa	लाग्छ
lagyau	लग्यौ
lagyo	लाग्यो
lagyou	लाग्यौ
laharharu	लहरहरू
lai	लाई
laija	लैजा
laijaau	लैजाऊ
laijane	लैजाने
laijaney	लैजाने
lain	लाइन
lajalu	लाजालु
lajaune	लजाउने
lakdaun	लकडाउन
lakh	लाख
lakpa	लाक्पा
lakshit	लक्षित
lakshmi	लक्ष्मी
lakshya	लक्ष्य
lakxita	लक्षित
lakxya	लक्ष्य
lali	लाली
lalitpoor	ललितपुर
lalitpur	ललितपुर
lama	लामा
lamo	लामो
land	भूमि
lane	लाने
lashko	लाशको
lataris	लतारिस्
latolai	लाटोलाई
lau	लै
lau	लौ
laune	लाउने
laxmi	लक्ष्मी
laxmiprasad	लक्ष्मीप्रसाद
layek	लायक
le	ले
league	लिग
leelaam	लिलाम
lekbeshi	लेकबेशी
lekha	लेखा
lekhaa	लेखा
lekhak	लेखक
lekhaka	लेखक
lekhdai	लेख्दै
lekhee	लेखी
lekhekai	लेखेकै
lekheko	लेखेको
lekhekoo	लेखेको
lekhen	लेखें
lekhera	लेखेर
lekhi	लेखी
lekhidiun	लेखिदिऊँ
lekhidiyo	लेखिदियो
lekhieko	लेखिएको
lekhiyeko	लेखिएको
lekhiyema	लेखिएमा
lekhu	लेखुँ
lenden	लेनदेन
letar	लेटर
ley	ले
lie	लिए
liee	लिई
lieka	लिएका
lieko	लिएको
liera	लिएर
lig	लिग
lii	लिई
liieko	लिइएको
liiyeko	लिइएको
likhat	लिखत
likhata	लिखत
likhit	लिखित
likhita	लिखित
likhitjawab	लिखितजवाफ
likhitjawaf	लिखितजवाफ
liko	लिएको
lilam	लिलाम
lin	लिन
lina	लिन
line	लाइन
line	लिने
liney	लिने
linoo	लिनु
linu	लिनु
lipeko	लिपेको
liye	लिए
liyeka	लिएका
liyeko	लिएको
liyer	लिएर
liyera	लिएर
lockdown	लकडाउन
lokaatantrika	लोकतान्त्रिक
lokpriya	लोकप्रिय
loktantrik	लोकतान्त्रिक
loss	घाटा
lukaun	लुकाऊँ
lukayera	लुकाएर
lukeka	लुकेका
luki	लुकि
lumbeenee	लुम्बिनी
lumbini	लुम्बिनी
lutera	लुटेर
lyaeko	ल्याएको
lyaera	ल्याएर
lyai	ल्याइ
lyaieko	ल्याइएको
lyaiyeko	ल्याइएको
lyau	ल्याऊ
lyauchhu	ल्याउँछु
lyaun	ल्याउन
lyauna	ल्याउन
lyaunchhau	लाँउछौ
lyaune	ल्याउने
lyauney	ल्याउने
lyayeko	ल्याएको
lyayen	ल्याएँ
lyayer	ल्याएर
m	एम
m	म
ma	म
ma	मा
maa	मा
maachi	माछि
maadhyamabaata	माध्यमबाट
maadhyamika	माध्यमिक
maaf	माफ
maag	माग
maagh	माघ
maahaamaaree	महामारी
maahalako	महलको
maal	माल
maalpot	मालपोत
maan	मान
maanaaniyah	माननीय
maanasik	मानसिक
maanis	मानिस
maanisharoo	मानिसहरू
maanisko	मानिसको
maanislaai	मानिसलाई
maanisley	मानिसले
maanyata	मान्यता
maapdanda	मापदण्ड
maareko	मारेको
maarney	मार्ने
maasik	मासिक
maasu	मासु
maath	माथ
maathi	माथि
maato	माटो
maatra	मात्र
maatraama	मात्रामा
mabil	मबिल
maddat	मद्दत
maddata	मद्दत
madhesh	मधेश
madhur	मधुर
madhy	मध्य
madhy	मध्ये
madhya	मध्य
madhyamanchal	मध्यमाञ्चल
madhyamanchala	मध्यमाञ्चल
madhyambata	माध्यमबाट
madhyamik	माध्यमिक
madhye	मध्ये
mag	माग
magar	मगर
magara	मगर
magdina	माग्दिन
magh	माघ
magna	माग्न
mahagoo	महँगो
mahakali	महाकाली
mahal	महल
mahalko	महलको
mahamahim	महामहिम
mahamari	महामारी
mahango	महँगो
mahasachib	महासचिव
mahasachiw	महासचिव
mahasangh	महासंघ
mahasangha	महासंघ
mahatba	महत्व
mahatvapoorna	महत्त्वपूर्ण
mahatvapoorna	महत्वपूर्ण
mahatwa	महत्व
mahatwapurna	महत्त्वपूर्ण
mahatwapurna	महत्वपूर्ण
maheenakoo	महिनाको
mahela	महिला
mahelako	महिलाको
mahelalaai	महिलालाई
mahelaley	महिलाले
mahena	महिना
mahena	महीना
mahenaama	महीनामा
mahila	महिला
mahilako	महिलाको
mahilalai	महिलालाई
mahilale	महिलाले
mahina	महिना
mahina	महीना
mahinako	महिनाको
mahinama	महिनामा
mahinama	महीनामा
mahotsab	महोत्सव
mahotsav	महोत्सव
mahsoos	महसुस
mahsus	महसुस
mai	मै
mai	मैँ
maidaanma	मैदानमा
maidanma	मैदानमा
maile	मैले
mailey	मैले
main	मूल
main	मैं
maisangai	मैसँग
maja	मजा
majh	माझ
mal	मल
mala	मल
mala	माला
malai	मलाई
malaye	मलाई
malla	मल्ल
malpot	मालपोत
mam	मम
mamaa	ममा
man	मन
mana	मन
manaa	मना
manab	मानव
manabhitra	मनभित्र
manabiya	मानवीय
manabta	मानवता
manai	मनै
manalai	मनलाई
mananiya	माननीय
manasib	मनासिब
manasib	मनासिव
manasiw	मनासिब
manasiw	मनासिव
manav	मानव
manaw	मानव
manawiya	मानवीय
manbhari	मनभरी
manchau	मान्छौ
manche	मान्छे
mancheko	मान्छेको
manchelai	मान्छेलाई
manchhe	मान्छे
manchheharuko	मान्छेहरुको
mandir	मन्दिर
mandira	मन्दिर
mangal	मङ्गल
mangalbaara	मंगलबार
mangalbar	मंगलबार
mangsir	मङ्सिर
mani	मानी
manincha	मानिन्छ
maninchha	मानिन्छ
maninxa	मानिन्छ
manis	मानिस
manish	मानिस
manisharu	मानिसहरु
manisharu	मानिसहरू
manisharuko	मानिसहरुका
manisharuko	मानिसहरुको
manisko	मानिसको
manislai	मानिसलाई
manisle	मानिसले
manka	मनका
manko	मनको
manmanai	मनमनै
mann	मान्न
manna	मान्न
manparcha	मनपर्छ
mansapindako	मांसपिण्डको
mansik	मानसिक
mansir	मङ्सिर
mantralay	मन्त्रालय
mantralaya	मन्त्रालय
mantralayaka	मन्त्रालयका
mantralayakaa	मन्त्रालयका
mantralayako	मन्त्रालयको
mantralayale	मन्त्रालयले
mantralayaley	मन्त्रालयले
mantralayama	मन्त्रालयमा
mantralayko	मन्त्रालयको
mantralayma	मन्त्रालयमा
mantree	मन्त्री
mantri	मन्त्री
mantriparishad	मन्त्रिपरिषद्
manxe	मान्छे
manyata	मान्यता
maobadi	माओवादी
maobadile	माओवादीले
maowadi	माओवादी
maowadiley	माओवादीले
mapdanda	मापदण्ड
marchhan	मर्छन्
mardachhin	मर्दछिन्
mare	मारे
mareki	मरेकी
mareko	मारेको
marfat	मार्फत
marg	मार्ग
marga	मार्ग
mari	मरी
marmat	मर्मत
marmata	मर्मत
marne	मर्ने
marne	मार्ने
marnechhaun	मर्नेछौं
marphat	मार्फत
maruni	मारुनी
maryou	मार्यौ
masanga	मसँग
masik	मासिक
mastiskama	मस्तिस्कमा
mastiskko	मस्तिष्कको
masu	मासु
mat	मत
mata	मत
matdaan	मतदान
matdan	मतदान
mathi	माथि
mathiko	माथिको
mathillo	माथिल्लो
mathilloo	माथिल्लो
matolai	माटोलाई
matr	मात्र
matra	मात्र
matrai	मात्रै
matrama	मात्रामा
matrey	मात्रै
mauka	मौका
maukaa	मौका
maulik	मौलिक
maulika	मौलिक
maunatama	मौनतामा
mausam	मौसम
mausama	मौसम
maya	माया
mayaa	माया
mayabata	मायाबाट
mayako	मायाको
mayale	मायाले
mayalu	मायालु
mayalulai	मायालुलाई
mayamai	मायामै
mechi	मेची
medical	मेडिकल
medikal	मेडिकल
megawatt	मेगावाट
mela	मेला
melaa	मेला
melaama	मेलामा
melama	मेलामा
melapatama	मेलापातमा
mera	मेरा
meraa	मेरा
merai	मेरै
mero	मेरो
meroo	मेरो
message	सन्देश
metchhu	मेट्छु
meter	मिटर
metna	मेट्न
milan	मिलन
mildain	मिल्दैन
mildaina	मिल्दैन
mileko	मिलेको
milekoo	मिलेको
milen	मिलेन
milena	मिलेन
miler	मिलेर
milera	मिलेर
mili	मिलि
milna	मिल्न
milne	मिल्ने
milney	मिल्ने
minet	मिनेट
minetma	मिनेटमा
minit	मिनेट
minute	मिनेट
minutema	मिनेटमा
miro	मिरो
misil	मिसिल
misila	मिसिल
misuse	दुरुपयोग
mitar	मिटर
mitee	मिति
mitha	मिठा
mitha	मीठा
mitho	मीठो
miti	मिति
mitii	मिति
mobail	मोबाइल
mobile	मोबाइल
moha	मोह
mohani	मोहनी
mohee	मोही
mohi	मोही
monthly	मासिक
monthma	महिनामा
mool	मूल
moolya	मूल्य
moolyaankan	मूल्याङ्कन
moolyama	मूल्यमा
morang	मोरङ
morole	मोरोले
motar	मोटर
motorcycle	मोटरसाइकल
motorko	मोटरको
mousam	मौसम
mousamaisari	मौसमैसरी
mritak	मृतक
mritaka	मृतक
mritu	मृत्यु
mrityu	मृत्यु
muchulka	मुचुल्का
muchulkaa	मुचुल्का
mudda	मुद्दा
muddaa	मुद्दा
muddaako	मुद्दाको
muddaama	मुद्दामा
muddako	मुद्दाको
muddama	मुद्दामा
mudra	मुद्रा
mudraa	मुद्रा
muglanai	मुग्लानै
muhan	मुहान
muharko	मुहारको
mukh	मुख
mukha	मुख
mukhy	मुख्य
mukhya	मुख्य
mukt	मुक्त
mukta	मुक्त
mul	मूल
muluk	मुलुक
muluka	मुलुक
mulukaa	मुलुकका
mulukama	मुलुकमा
mulukee	मुलुकी
muluki	मुलुकी
mulukka	मुलुकका
mulukko	मुलुकको
mulukkoo	मुलुकको
mulukma	मुलुकमा
mulya	मूल्य
mulyama	मूल्यमा
mulyankan	मूल्याङ्कन
muna	मुना
munafa	मुनाफा
munako	मुनाको
munalai	मुनालाई
munapha	मुनाफा
muni	मुनि
muni	मुनी
murali	मुरली
murchana	मुर्च्छना
murder	हत्या
muskan	मुस्कान
muskanle	मुस्कानले
mutu	मुटु
mutu	मुुटू
mutuko	मुटुको
mutule	मुटुले
muulbatoma	मूलबाटोमा
mw	मेगावाट
mwai	म्वाइँ
myaad	म्याद
myad	म्याद
n	न
na	न
naagarik	नागरिक
naagarikkoo	नागरिकको
naagariklaai	नागरिकलाई
naaljhaau	नअल्झाउ
naam	नाम
naamak	नामक
naamko	नामको
naamkoo	नामको
naamma	नाममा
naamsaree	नामसारी
naapee	नापी
naaraayan	नारायण
naaso	नासो
naau	नआउ
naauma	नाउँमा
nabana	नबन
nabhae	नभए
nabhaeka	नभएका
nabhaekale	नभएकाले
nabhaeko	नभएको
nabhaekole	नभएकोले
nabhaera	नभएर
nabhai	नभई
nabhaka	नभएका
nabhakaley	नभएकाले
nabhako	नभएको
nabhakoley	नभएकोले
nabhannu	नभन्नु
nabhaye	नभई
nabhaye	नभए
nabhayer	नभएर
nabijhaune	नबिझाउने
nabirsane	नबिर्सने
nabolaun	नबोलाऊँ
naboldai	नबोल्दै
nabolne	नबोल्ने
nabujhepachhi	नबुझेपछि
nabujhnele	नबुझ्नेले
nachau	नाचौँ
nachhaune	नछाउने
nachhod	नछोड
nachi	नाची
nachyo	नाच्यो
nadee	नदी
nadekhe	नदेखे
nadi	नदि
nadi	नदी
nadii	नदिई
nadine	नदिने
nadiney	नदिने
nadiyee	नदिई
nafa	नाफा
nagad	नगद
nagar	नगर
nagara	नगर
nagaree	नगरी
nagareko	नगरेको
nagarekoo	नगरेको
nagari	नगरी
nagarik	नागरिक
nagarikko	नागरिकको
nagariklai	नागरिकलाई
nagarikta	नागरिकता
nagarn	नगर्न
nagarna	नगर्न
nagarne	नगर्ने
nagarney	नगर्ने
nagarpalika	नगरपालिका
nagarpalikaakaa	नगरपालिकाका
nagarpalikaakoo	नगरपालिकाको
nagarpalikaka	नगरपालिकाका
nagarpalikako	नगरपालिकाको
nagarpalikale	नगरपालिकाले
naghna	नाघ्न
nahera	नहेर
nahereko	नहेरेको
nahola	नहोला
nahuda	नहुँदा
nahunay	नहुने
nahundaa	नहुँदा
nahune	नहुने
nai	नै
naii	नै
najane	नजाने
najanu	नजानु
najar	नजर
najarle	नजरले
najik	नजिक
najikbata	नजिकबाट
najudhau	नजुधाउ
nakaaraatmak	नकारात्मक
nakaratmak	नकारात्मक
nakhayeko	नखाएको
nakhojnu	नखोज्नू
naksa	नक्सा
naksaa	नक्सा
nalagne	नलाग्ने
nalagney	नलाग्ने
nalayeko	नलाएको
nalekhera	नलेखेर
nalekhna	नलेख्न
nalukai	नलुकाई
nam	नाम
namak	नामक
namani	नमानी
namari	नमारी
namaros	नमरोस्
namarunjel	नमारून्जेल
namaski	नमस्की
nambar	नम्बर
namilne	नमिल्ने
namilney	नमिल्ने
namko	नामको
namma	नाममा
namoona	नमूना
namsari	नामसारी
namuna	नमूना
nango	नांगो
nango	नाङ्गो
nani	नानी
naparne	नपर्ने
naparney	नपर्ने
napaune	नपाउने
napauney	नपाउने
napchhu	नप्छु
napha	नाफा
napi	नापी
napuge	नपुगे
narahaeko	नरहेको
narahako	नरहेको
naraichhan	नरैछन्
narakhideu	नराखिदेऊ
naramrori	नराम्रोरी
narayan	नारायण
naroideu	नरोइदेऊ
narunu	नरूनू
nasakda	नसक्दा
nasakdaa	नसक्दा
nasakeko	नसकेको
nasakekoo	नसकेको
nasakinay	नसकिने
nasakine	नसकिने
nasakne	नसक्ने
nasakney	नसक्ने
nasha	नशा
nashta	नष्ट
nasochi	नसोची
nasta	नष्ट
nasundaima	नसुन्दैमा
nat	नात
nata	नाता
natere	नटेरे
nathanidinu	नठानिदिनू
natija	नतिजा
nau	नौ
nauma	नाउँमा
naya	नयाँ
nayaa	नयाँ
nayan	नयन
nayan	नयाँ
nayanko	नयनको
near	नजिक
nee	नि
nee	नै
neetigat	नीतिगत
nekapa	नेकपा
nekpa	नेकपा
nepaal	नेपाल
nepaalbaata	नेपालबाट
nepaalii	नेपाली
nepaalikoo	नेपालीको
nepaaliley	नेपालीले
nepaalka	नेपालका
nepaalko	नेपालको
nepaallaai	नेपाललाई
nepaalle	नेपालले
nepaalma	नेपालमा
nepal	नेपाल
nepalbata	नेपालबाट
nepalee	नेपाली
nepali	नेपली
nepali	नेपाली
nepalika	नेपालीका
nepaliko	नेपालीको
nepalile	नेपालीले
nepalka	नेपालका
nepalko	नेपालको
nepallai	नेपाललाई
nepalle	नेपालले
nepalma	नेपालमा
nepathya	नेपथ्य
nepse	नेप्से
nepsey	नेप्से
neta	नेता
netaa	नेता
netritba	नेतृत्व
netritbako	नेतृत्वको
netritbama	नेतृत्वमा
netritwa	नेतृत्व
netritwako	नेतृत्वको
netritwama	नेतृत्वमा
news	खबर
news	समाचार
ni	नि
ni	नी
nibedak	निवेदक
nibedakko	निवेदकको
nibedaklai	निवेदकलाई
nibedakle	निवेदकले
nibedan	निवेदन
nibedanko	निवेदनको
nibedanma	निवेदनमा
nibhaucha	निभाउँछ
nibheko	निभेको
nida	निदा
nidarisanga	निदरीसँग
nidaunu	निदाउनु
nidhakka	निधक्क
nidhan	निधन
nidhana	निधन
nidharaima	निधारैमा
nigamle	निगमले
nigamley	निगमले
nij	निज
nija	निज
nijako	निजको
nijalaai	निजलाई
nijaley	निजले
nijamatee	निजामती
nijamati	निजामती
nijee	निजी
niji	निजी
nijko	निजको
nijlai	निजलाई
nijle	निजले
nikai	निकै
nikat	निकट
nikata	निकट
nikay	निकाय
nikaya	निकाय
nikayako	निकायको
nikayale	निकायले
nikayko	निकायको
nikayley	निकायले
nikey	निकै
niko	निको
nikoo	निको
nikshep	निक्षेप
nikxep	निक्षेप
nila	निला
nilo	नीलो
nimitt	निमित्त
nimitta	निमित्त
nimn	निम्न
nimna	निम्न
nimtee	निम्ति
nimti	निम्ति
nipal	नेपाल
nira	नीर
nirantar	निरन्तर
nirantara	निरन्तर
nirantaraa	निरन्तरता
nirantarta	निरन्तरता
nirash	निराश
nirashako	निराशाको
nirbachan	निर्वाचन
nirbachanko	निर्वाचनको
nirbachanma	निर्वाचनमा
nirbachit	निर्वाचित
nirbaha	निर्वाह
nirdayi	निर्दयी
nirdesak	निर्देशक
nirdesan	निर्देशन
nirdeshak	निर्देशक
nirdeshan	निर्देशन
nirdhaaran	निर्धारण
nirdhaarita	निर्धारित
nirdharan	निर्धारण
nirdharit	निर्धारित
nirdos	निर्दोष
nirdos	निर्दौष
nirmaan	निर्माण
nirmaanka	निर्माणका
nirmaanko	निर्माणको
nirmaanma	निर्माणमा
nirman	निर्माण
nirmanka	निर्माणका
nirmanka	निर्माणमा
nirmanko	निर्माणको
nirmohilai	निर्मोहीलाई
nirnay	निर्णय
nirnaya	निर्णय
nirnayaa	निर्णय
nirnayako	निर्णयको
nirnayama	निर्णयमा
nirnaykoo	निर्णयको
nirnayma	निर्णयमा
nirvachan	निर्वाचन
nirvaha	निर्वाह
nirwachan	निर्वाचन
nirwachanko	निर्वाचनको
nirwachanma	निर्वाचनमा
nirwachit	निर्वाचित
nirwaha	निर्वाह
niryaat	निर्यात
niryat	निर्यात
nisasinchu	निसासिन्छु
nischit	निश्चित
nishulk	निःशुल्क
nispran	निष्प्राण
nissasiyeko	निस्सासिएको
nisthuri	निस्ठुरी
nitee	नीति
nithrukkai	निथ्रुक्कै
nithuri	निठुरी
niti	नीति
nitigat	नीतिगत
nivedak	निवेदक
nivedan	निवेदन
niwedak	निवेदक
niwedakko	निवेदकको
niwedaklaai	निवेदकलाई
niwedakley	निवेदकले
niwedan	निवेदन
niwedankoo	निवेदनको
niwedanma	निवेदनमा
niyalun	नियालूँ
niyam	नियम
niyama	नियम
niyamabali	नियमावली
niyamanusaar	नियमानुसार
niyamanusar	नियमानुसार
niyamawali	नियमावली
niyamit	नियमित
niyamita	नियमित
niyantran	नियन्त्रण
niyantrana	नियन्त्रण
niyantranama	नियन्त्रणमा
niyantranma	नियन्त्रणमा
niyukt	नियुक्त
niyukta	नियुक्त
niyuktee	नियुक्ति
niyukti	नियुक्ति
number	नम्बर
nyaayik	न्यायिक
nyano	न्यानो
nyay	न्याय
nyaya	न्याय
nyayadhish	न्यायाधीश
nyayik	न्यायिक
nyoon	न्यून
nyoonatam	न्यूनतम
nyun	न्यून
nyunatama	न्यूनतम
o	अाे
o	ओ
oelidaicha	ओइलिँदैछ
of	अफ
off	अफ
old	पुरानो
olee	ओली
oli	ओली
olile	ओलीले
oliley	ओलीले
online	अनलाइन
oo	ऊ
oorja	ऊर्जा
oot	ओत
ootha	ओठ
oothharu	ओठहरु
oothka	ओठका
oothma	ओठमा
ota	ओटा
otaa	ओटा
owsaat	औसत
paach	पाँच
paaencha	पाईन्छ
paalana	पालना
paandey	पाण्डे
paandeyley	पाण्डेले
paani	पनि
paani	पानी
paanikoo	पानीको
paap	पाप
paar	पार
paaree	पारी
paareko	पारेको
paarer	पारेर
paari	पारी
paarit	पारित
paarn	पार्न
paarney	पार्ने
paarti	पार्टी
paartikaa	पार्टीका
paartiko	पार्टीको
paartiley	पार्टीले
paas	पास
paatiko	पाटीको
paau	पाऊ
paauharu	पाऊहरू
paaun	पाउँ
paaun	पाऊँ
paaye	पाए
paaye	पाएँ
paayeka	पाएका
paayeko	पाएको
pabitra	पबित्र
pabitra	पवित्र
pach	पाँच
pachadi	पछाडि
pachayaudai	पछ्याउँदै
pachhadi	पछाडि
pachhi	पछि
pachhilloo	पछिल्लो
pachhuto	पछुतो
pachi	पछि
pachilla	पछिल्ला
pachillo	पछिल्लो
pad	पद
pada	पद
padama	पदमा
padarth	पदार्थ
padartha	पदार्थ
padarthako	पदार्थको
padarthakoo	पदार्थको
padhaaye	पढाइ
padhai	पढाइ
padhne	पाद्मे
padma	पदमा
padn	पढ्न
padna	पढ्न
padne	पढ्ने
padney	पढ्ने
pae	पाए
paeka	पाएका
paeko	पाएको
pagal	पागल
pahaadee	पहाडी
pahad	पहाड
pahadi	पहाडी
pahal	पहल
pahala	पहल
pahichaan	पहिचान
pahichan	पहिचान
pahila	पहिला
pahile	पहिले
pahiley	पहिले
pahilo	पहिलो
pahiloo	पहिलो
pahilopatak	पहिलोपटक
pahilyaundai	पहिल्याउँदै
pahiro	पहिरो
pahun	पाहुन
pahunc	पहुँच
pahunch	पहुँच
paieko	पाइएको
paila	पहिला
paile	पहिले
paina	पाइँन
paincha	पाइन्छ
painchha	पाइन्छ
paine	पाइने
painey	पाइने
painxa	पाइन्छ
paisa	पैसा
paisaa	पैसा
paitaa	पिता
paitalale	पैतालाले
paiyeko	पाइएको
pakdideu	पक्डिदेउ
pakherima	पखेरीमा
pakhuri	पाखुरी
pakhurima	पाखुरीमा
pako	पाएको
pakrau	पक्राउ
pakrow	पक्राउ
paksha	पक्ष
pakshako	पक्षको
pakshalai	पक्षलाई
pakshale	पक्षले
pakshama	पक्षमा
pakxya	पक्ष
palana	पालना
paleko	पालेको
palma	पलमा
pan	पनि
panabhari	पानाभरि
panch	पाँच
pancha	पञ्च
pande	पाण्डे
pandele	पाण्डेले
panee	पनि
panee	पानी
pani	पनि
pani	पानी
paniko	पानीको
panima	पानीमा
panka	पंख
pannaharu	पन्नाहरु
panta	पन्त
par	पार
para	पर
paraajit	पराजित
parain	पराइन
parajit	पराजित
paramarsa	परामर्श
paramarsha	परामर्श
parampara	परम्परा
paramparaa	परम्परा
paramparagat	परम्परागत
parayou	परायौ
parcha	पर्छ
parchha	पर्छ
parda	पर्दा
pardaa	पर्दा
pardacha	पर्दछ
pardachha	पर्दछ
pardain	पर्दैन
pardaina	पर्दैन
pardale	पर्दाले
pardanai	पर्दानै
pardeshi	परदेशी
pardeshiko	परदेशीको
pardeshma	परदेशमा
pare	परे
parechhu	परेछु
paree	परी
pareka	परेका
parekaa	परेका
pareko	परेको
pareko	पारेको
parekoo	परेको
parelima	परेलीमा
parera	पारेर
parey	परे
pari	परि
pari	परी
pari	पारि
pari	पारी
paribar	परिवार
paribarkaa	परिवारका
paribarkoo	परिवारको
paribarlaai	परिवारलाई
paribartan	परिवर्तन
paribhasa	परिभाषा
parichaalana	परिचालन
parichalan	परिचालन
parichit	परिचित
pariksha	परीक्षा
parikshan	परीक्षण
parikshya	परीक्षण
parinaam	परिणाम
parinam	परिणाम
parinat	परिणत
parinata	परिणत
parirahyo	परिरह्यो
parishad	परिषद्
parishada	परिषद्
parisoochak	परिसूचक
parisuchak	परिसूचक
parit	पारित
pariwar	परिवार
pariwarka	परिवारका
pariwarko	परिवारको
pariwarlai	परिवारलाई
pariwartan	परिवर्तन
pariwesh	परिवेश
parixa	परीक्षा
pariyar	परियार
pariyojana	परियोजना
parkhanchhan	पर्खन्छन्
parkharna	पर्खनको
parkhi	पर्खी
parkhibasyou	पर्खिबस्यौ
parkhideuu	पर्खीदेऊ
parkhinna	पर्खिन्न
parkhirahanchhu	पर्खिरहन्छु
parkhirahe	पर्खिरहे
parla	पर्ला
parliamentko	संसदको
parn	पर्न
parna	पर्न
parna	पार्न
parne	पर्ने
parne	पार्ने
parnema	पर्नेमा
parney	पर्ने
parneyma	पर्नेमा
party	पार्टी
partyka	पार्टीका
partyko	पार्टीको
partyle	पार्टीले
parxa	पर्छ
paryapt	पर्याप्त
paryapta	पर्याप्त
paryatak	पर्यटक
paryatakiya	पर्यटकीय
paryatan	पर्यटन
paryatana	पर्यटन
paryo	पर्याे
pas	पास
pasal	पसल
pasalharuma	पसलहरूमा
paschim	पश्चिम
pascim	पश्चिम
pashan	पाषाण
pass	पास
pasu	पसु
pat	पात
patak	पटक
pataka	पटक
patakpatak	पटकपटक
pathaeko	पठाएको
pathai	पठाई
pathaudai	पठाउदै
pathaun	पठाउन
pathauna	पठाउन
pathaune	पठाउने
pathauney	पठाउने
pathaye	पठाई
pathayeko	पठाएको
patr	पत्र
patra	पत्र
patrakaar	पत्रकार
patrakar	पत्रकार
patrama	पत्रमा
patta	पत्ता
pattaa	पत्ता
pattharko	पत्थरको
pattharko	पथ्थरको
patuki	पटुकी
pau	पाउँ
paudel	पौडेल
paudelle	पौडेलले
paudelley	पौडेलले
paudyal	पौडेल
paun	पाउँ
paun	पाउन
pauna	पाउन
paunai	पाउनै
paune	पाउने
paunechhu	पाउनेछु
pauney	पाउने
paunoo	पाउनु
paunu	पाउनु
paush	पुस
pawan	पवन
pawos	पाओस्
pax	पक्ष
paxadi	पछाडि
paxan	पहिचान
paxi	पछि
paxilla	पछिल्ला
paxillo	पछिल्लो
paxko	पक्षको
paxlaai	पक्षलाई
paxley	पक्षले
paxma	पक्षमा
paye	पाए
payera	पाएर
payou	पायौ
pcr	पीसीआर
peedit	पीडित
people	जनता
pes	पेश
pesh	पेश
pet	पेट
petrol	पेट्रोल
petrolko	पेट्रोलको
phagun	फागुन
phaida	फाइदा
phaisala	फैसला
phaisalama	फैसलामा
pharak	फरक
phela	फेला
pheree	फेरि
pheri	फेरि
phirad	फिराद
phirta	फिर्ता
phone	फोन
photo	फोटो
phutbal	फुटबल
pidit	पीडित
pir	पीर
pirati	पिरती
piratiko	पिरतीको
pirne	पिर्ने
pisiyar	पीसीआर
pita	पिता
player	खेलाडी
pm	प्रधानमन्त्री
pmko	प्रधानमन्त्रीको
po	पो
poem	कविता
pokhara	पोखरा
pokharako	पोखराको
pokharama	पोखरामा
pokharelley	पोखरेलले
pokhaudaima	पोखाउँदैमा
pokhdaichhu	पोख्दैछु
pokhen	पोखेँ
pokhera	पोखेर
pokhidaina	पोखिँदैन
pokhiyera	पोखिएर
pokhra	पोखरा
pokhrako	पोखराको
pokhrama	पोखरामा
pokhrelle	पोखरेलले
police	पुलिस
politics	राजनीति
pooja	पूजा
pool	पुल
poonji	पूँजी
poora	पुरा
poora	पूरा
poorai	पूरै
poorna	पूर्ण
population	जनसंख्या
population	जनसङ्ख्या
poshak	पोशाक
post	पद
poten	पोतेँ
pourushtako	पौरुषताको
power	शक्ति
pra	प्रा
praakritik	प्राकृतिक
praathamik	प्राथमिक
praathamiktaa	प्राथमिकता
praathamiktaama	प्राथमिकतामा
prabadhan	प्रावधान
prabah	प्रवाह
prabakta	प्रवक्ता
prabandh	प्रबन्ध
prabandha	प्रबन्ध
prabardhan	प्रवद्र्धन
prabesh	प्रवेश
prabhab	प्रभाव
prabhabit	प्रभावित
prabhabkari	प्रभावकारी
prabhav	प्रभाव
prabhavit	प्रभावित
prabhavkari	प्रभावकारी
prabhaw	प्रभाव
prabhidhik	प्राविधिक
prabhidhiko	प्रविधिको
prabidhi	प्रविधि
prabritti	प्रवृत्ति
prachalan	प्रचलन
prachalana	प्रचलन
prachalit	प्रचलित
prachalita	प्रचलित
prachanda	पुष्पकमल
practice	अभ्यास
pradaan	प्रदान
pradan	प्रदान
pradarsan	प्रदर्शन
pradarshan	प्रदर्शन
prades	प्रदेश
pradesh	प्रदेश
pradeshka	प्रदेशका
pradeshko	प्रदेशको
pradeshma	प्रदेशमा
pradeskaa	प्रदेशका
pradeskoo	प्रदेशको
pradesma	प्रदेशमा
pradhaana	प्रधान
pradhan	प्रधान
pradhanmantree	प्रधानमन्त्री
pradhanmantri	प्रधानमन्त्री
pradhanmantriko	प्रधानमन्त्रीको
pradhikaranle	प्राधिकरणले
pragatee	प्रगति
pragati	प्रगति
prahaar	प्रहार
prahar	प्रहर
prahar	प्रहार
praharee	प्रहरी
praharheema	प्रहरीमा
prahari	प्रहरी
prahariko	प्रहरीको
praharikoo	प्रहरीको
praharile	प्रहरीले
prahariley	प्रहरीले
praharima	प्रहरीमा
prakaar	प्रकार
prakaarkaa	प्रकारका
prakaarkoo	प्रकारको
prakar	प्रकार
prakarka	प्रकारका
prakarko	प्रकारको
prakas	प्रकाश
prakasan	प्रकाशन
prakash	प्रकाश
prakashan	प्रकाशन
prakashit	प्रकाशित
prakasit	प्रकाशित
prakat	प्रकट
prakata	प्रकट
prakritee	प्रकृति
prakriti	प्रकृति
prakritik	प्राकृतिक
prakritika	प्रकृतिका
prakritile	प्रकृतिले
prakriya	प्रक्रिया
prakriyaa	प्रक्रिया
prakriyaama	प्रक्रियामा
prakriyama	प्रक्रियामा
pramaan	प्रमाण
pramaanakoo	प्रमाणको
pramaanit	प्रमाणित
pramaanpatr	प्रमाणपत्र
praman	प्रमाण
pramanit	प्रमाणित
pramanko	प्रमाणको
pramanpatra	प्रमाणपत्र
pramuk	प्रमुख
pramukh	प्रमुख
pranalee	प्रणाली
pranaleema	प्रणालीमा
pranali	प्रणाली
pranalima	प्रणालीमा
pranam	प्रणाम
prapt	प्राप्त
prapta	प्राप्त
prarambh	प्रारम्भ
prarambha	प्रारम्भ
prarambhik	प्रारम्भिक
prarambhika	प्रारम्भिक
prasaad	प्रसाद
prasaaran	प्रसारण
prasad	प्रसाद
prasaran	प्रसारण
prasasan	प्रशासन
prasashan	प्रशासन
prasashta	प्रशस्त
prasasta	प्रशस्त
prashikshak	प्रशिक्षक
prashikshan	प्रशिक्षण
prashna	प्रश्न
prashnako	प्रश्नको
prashta	प्रष्ट
prasiddha	प्रसिद्ध
prasiksak	प्रशिक्षक
prasiksan	प्रशिक्षण
prasna	प्रश्न
prasta	प्रष्ट
prastab	प्रस्ताव
prastav	प्रस्ताव
prastaw	प्रस्ताव
prastut	प्रस्तुत
prastuta	प्रस्तुत
pratee	प्रति
pratham	प्रथम
prathamik	प्राथमिक
prathmikta	प्राथमिकता
prathmiktama	प्राथमिकतामा
prati	प्रति
pratibaddhata	प्रतिबद्धता
pratibadi	प्रतिवादी
pratibadiko	प्रतिवादीको
pratibadiley	प्रतिवादीले
pratibandh	प्रतिबन्ध
pratibandha	प्रतिबन्ध
pratibedan	प्रतिवेदन
pratibedanma	प्रतिवेदनमा
pratibimba	प्रतिबिम्ब
pratifal	प्रतिफल
pratikool	प्रतिकूल
pratikriya	प्रतिक्रिया
pratiksha	प्रतिक्षा
pratiksha	प्रतीक्षा
pratikshama	प्रतीक्षामा
pratikul	प्रतिकूल
pratilipee	प्रतिलिपि
pratilipi	प्रतिलिपि
pratinidhee	प्रतिनिधि
pratinidhi	प्रतिनिधि
pratinidhitba	प्रतिनिधित्व
pratinidhitwa	प्रतिनिधित्व
pratiphal	प्रतिफल
pratisat	प्रतिशत
pratishad	प्रतिशत
pratishat	प्रतिशत
pratishatko	प्रतिशतको
pratishatkoo	प्रतिशतको
pratispardha	प्रतिस्पर्धा
pratispardhaa	प्रतिस्पर्धा
pratiuttar	प्रतिउत्तर
pratiuttara	प्रतिउत्तर
prativedan	प्रतिवेदन
pratiwaddhata	प्रतिबद्धता
pratiwadi	प्रतिवादी
pratiwadiko	प्रतिवादीको
pratiwadile	प्रतिवादीले
pratiwedan	प्रतिवेदन
pratiwedanma	प्रतिवेदनमा
pratiyogita	प्रतियोगिता
pratiyogitaa	प्रतियोगिता
pratiyogitaakoo	प्रतियोगिताको
pratiyogitaama	प्रतियोगितामा
pratiyogitako	प्रतियोगिताको
pratiyogitama	प्रतियोगितामा
pratyaksha	प्रत्यक्ष
pratyarthee	प्रत्यर्थी
pratyarthi	प्रत्यर्थी
pratyax	प्रत्यक्ष
pratyek	प्रत्येक
pratyeka	प्रत्येक
pravadhan	प्रावधान
pravah	प्रवाह
pravesh	प्रवेश
prawah	प्रवाह
prawakta	प्रवक्ता
prawardhan	प्रवद्र्धन
prawesh	प्रवेश
prawidhi	प्रविधि
prawidhik	प्राविधिक
prawidhiko	प्रविधिको
prawritti	प्रवृत्ति
praya	प्रायः
prayaas	प्रयास
prayah	प्रायः
prayas	प्रयास
prayog	प्रयोग
prayoga	प्रयोग
prayogaama	प्रयोगमा
prayogma	प्रयोगमा
preetiko	प्रीतिको
prem	प्रेम
prema	प्रेम
premka	प्रेमका
premko	प्रेमको
pres	प्रेस
pressure	दबाब
preyasi	प्रेयसी
preyasilai	प्रेयसीलाई
price	भाउ
prithibitira	पृथिवीतिर
pritika	प्रीतिका
pritko	प्रितको
progress	प्रगति
project	परियोजना
promotion	बढुवा
protsaahan	प्रोत्साहन
protsahan	प्रोत्साहन
puchhne	पुछ्ने
pugcha	पुग्छ
pugchha	पुग्छ
pugda	पुग्दा
pugdaa	पुग्दा
pugechhan	पुगेछन्
pugechhu	पुगेछु
pugeka	पुगेका
pugekaa	पुगेका
pugeko	पुगेको
pugekoo	पुगेको
pugena	पुगेन
puger	पुगेर
pugera	पुगेर
pugn	पुग्न
pugna	पुग्न
pugne	पुग्ने
pugney	पुग्ने
pugxa	पुग्छ
pugyo	पुग्यो
pugyoo	पुग्यो
puja	पूजा
pukar	पुकार
pul	पुल
puna	पुन
puna	पुनः
punah	पुन
punah	पुनः
punarabedak	पुनरावेदक
punarabedan	पुनरावेदन
punarabedanko	पुनरावेदनको
punaravedan	पुनरावेदन
punarawadan	पुनरावेदन
punarawedak	पुनरावेदक
punarawedanko	पुनरावेदनको
punji	पूँजी
punyabhumiko	पुण्यभूमीको
pura	पुरा
pura	पूरा
puraana	पुराना
puraano	पुरानो
purai	पूरै
purana	पुराना
purano	पुरानो
puraskaar	पुरस्कार
puraskar	पुरस्कार
purba	पूर्व
purbadhar	पूर्वाधार
purbi	पूर्वी
purey	पूरै
purna	पूर्ण
purnamama	पुर्णमामा
purnima	पूर्णिमा
purus	पुरुष
purush	पुरुष
purushakoo	पुरुषको
purushko	पुरुषको
purva	पूर्व
purwa	पूर्व
purwadhar	पूर्वाधार
purwi	पूर्वी
puryaucha	पुर्याउँछ
puryaunu	पुर्याउनु
pus	पुस
pushpakamal	पुष्पकमल
pushti	पुष्टि
pustak	पुस्तक
pustaka	पुस्तक
pusti	पुष्टि
pwankh	प्वाँख
pyakurel	प्याकुरेल
pyara	प्यारा
pyarko	प्यारको
pyaro	प्यारो
quarantinema	क्वारेन्टिनमा
r	र
ra	र
raahata	राहत
raai	राई
raajaa	राजा
raajdhaneema	राजधानीमा
raajdhani	राजधानी
raajdoot	राजदूत
raajinaama	राजीनामा
raajneeti	राजनीति
raajneetima	राजनीतिमा
raajnitik	राजनीतिक
raajya	राज्य
raajyako	राज्यको
raajyaley	राज्यले
raakam	रकम
raakhee	राखी
raam	राम
raamro	राम्रो
raatbhari	रातभरि
raati	राति
raato	रातो
rabin	रबिन
rachana	रचनाः
radio	रेडियो
ragatko	रगतको
rahaka	रहेका
rahako	रहेको
rahan	रहन
rahana	रहन
rahancha	रहन्छ
rahanchha	रहन्छ
rahanchhu	रहन्छु
rahane	रहने
rahane	रहेन
rahaney	रहने
rahanoo	रहनु
rahanu	रहनु
rahanxa	रहन्छ
rahar	रहर
raharharu	रहरहरु
raharharuma	रहरहरूमा
raharle	रहरले
rahat	राहत
rahe	रहे
rahecha	रहेछ
rahechha	रहेछ
rahechhau	रहेछौ
rahee	रही
raheka	रहेका
rahekaa	रहेका
rahekale	रहेकाले
rahekaley	रहेकाले
raheko	रहेको
rahekoo	रहेको
raher	रहेर
rahera	रहेर
rahethe	रहेथेँ
rahexa	रहेछ
rahey	रहे
rahi	रही
rahos	रहोस्
rahyo	रहयो
rahyo	रह्यो
rahyoo	रह्यो
rai	राई
rai	रै
rail	रेल
raja	राजा
rajai	राजै
rajamati	राजमति
rajasba	राजस्व
rajaswa	राजस्व
rajbhandari	राजभण्डारी
rajdhani	राजधानी
rajdhanima	राजधानीमा
rajdut	राजदूत
rajendra	राजेन्द्र
rajinama	राजीनामा
rajkumar	राजकुमार
rajneetik	राजनीतिक
rajniti	राजनीति
rajnitik	राजनीतिक
rajnitima	राजनीतिमा
rajya	राज्य
rajyako	राज्यको
rajyale	राज्यले
rakam	रकम
rakamakoo	रकमको
rakamko	रकमको
rakha	राख
rakhcchou	राख्छौ
rakhdaey	राख्दै
rakhdai	राख्दै
rakheka	राखेका
rakhekaa	राखेका
rakheko	राखेको
rakhekoo	राखेको
rakher	राखेर
rakhera	राखेर
rakhi	राखि
rakhi	राखी
rakhidiye	राखिदिए
rakhieko	राखिएको
rakhiyeko	राखिएको
rakhn	राख्न
rakhna	राख्न
rakhnale	राख्नाले
rakhne	राख्ने
rakhney	राख्ने
rakhnoo	राख्नु
rakhnu	राख्नु
rakhos	राखोस
rakhyou	राख्यौ
raktim	रक्तिम
ram	राम
ramailo	रमाइलो
ramailo	रमाईलो
ramauthe	रमाउँथे
ramdachu	रम्दछु
ramne	रम्ने
ramra	राम्रा
ramrai	राम्रै
ramro	राम्रो
ran	रन
ranga	रङ्ग
rangauna	रङ्गाउन
rangin	रङ्गीन
ranneeti	रणनीति
ranniti	रणनीति
rashtra	राष्ट्र
rashtrapati	राष्ट्रपति
rashtriya	राष्ट्रिय
rasiyechhan	रसिएछन्
rastra	राष्ट्र
rastrapati	राष्ट्रपति
rastriya	राष्ट्रिय
rat	रात
rataima	रातैमा
rate	दर
ratharu	रातहरू
rati	राति
rati	राती
rato	रातो
ray	राय
raya	राय
rayemajhi	रायमाझी
re	रे
reaction	प्रतिक्रिया
recently	हालै
record	रेकर्ड
rediyo	रेडियो
reen	ऋण
reet	रिट
rekard	रेकर्ड
relma	रेलमा
rent	भाडा
report	रिपोर्ट
resam	रेसम
resham	रेशम
retirement	अवकाश
rijal	रिजाल
rijhaune	रिझाउने
rin	ऋण
riport	रिपोर्ट
rishayau	रिसायौ
rit	रिट
ritithiti	रितीथिती
rittiidaicha	रित्तिईँदैछ
rittiyeka	रित्तिएका
ritto	रित्तो
rodighar	रोदीघर
rog	रोग
rohit	रोहित
roi	रोई
roidinda	रोइदिँदा
roj	रोज
roja	रोज
roje	रोजे
rojgaar	रोजगार
rojgar	रोजगार
rojgaree	रोजगारी
rojgari	रोजगारी
rojna	रोज्न
rojnu	रोज्नु
roju	रोजूँ
rok	रोक
roka	रोक
rokera	रोकेर
roki	रोकी
rokieko	रोकिएको
rokiyeko	रोकिएको
rokka	रोक्का
rokkaa	रोक्का
rokn	रोक्न
rokna	रोक्न
roo	रु
roo	रू
rooga	रोग
roop	रूप
roopley	रूपले
roopma	रुपमा
roopma	रूपमा
ropanee	रोपनी
ropani	रोपनी
royethen	रोएथेँ
rs	रुपैयाँ
ru	रु
ru	रू
rujhaun	रूझाउँ
rujhe	रूझे
rukhe	रूखे
rukho	रुखो
rumaal	रूमाल
run	रन
runchhu	रुन्छु
runi	रुनी
rup	रुप
rup	रूप
rupama	रूपमा
rupees	रुपैयाँ
rupeesko	रुपैयाँको
rupeya	रुपैयाँ
rupiya	रुपैयाँ
rupiyako	रुपैयाँको
ruple	रूपले
rupma	रुपमा
rupma	रूपमा
saade	साढे
saadhaaran	साधारण
saadhan	साधन
saahitya	साहित्य
saajha	साझा
saal	साल
saaldekhee	सालदेखि
saalko	सालको
saalma	सालमा
saamaan	सामान
saamagri	सामग्री
saamagrikoo	सामग्रीको
saamana	सामना
saamoohik	सामूहिक
saamudaayik	सामुदायिक
saana	साना
saanjh	साँझ
saano	सानो
saanskritik	सांस्कृतिक
saasle	सासले
saat	सात
saata	साता
saath	साथ
saathai	साथै
saathee	साथी
saathma	साथमा
sab	शव
sabai	सबै
sabai	सवै
sabaibhanda	सबैभन्दा
sabaiko	सबैको
sabaikoo	सबैको
sabaikura	सबैकुरा
sabailaai	सबैलाई
sabailai	सबैलाई
sabailan	सबैभन्दा
sabaile	सबैले
sabailey	सबैले
sabaisabai	सबैसबै
sabari	सवारी
sabda	शब्द
sabdai	सब्दै
sabey	सबै
sabey	सवै
sabha	सभा
sabhaa	सभा
sabhaapatee	सभापति
sabhaasada	सभासद्
sabhapati	सभापति
sabhasad	सभासद्
sabik	साविक
sabin	सबिन
sabko	सबको
sablai	सबलाई
sable	सबले
sabma	सबमा
sachet	सचेत
sacheta	सचेत
sachib	सचिव
sachibalay	सचिवालय
sachiv	सचिव
sachivalaya	सचिवालय
sachiw	सचिव
sacho	साँचो
sadaak	सडक
sadaakma	सडकमा
sadak	सडक
sadakma	सडकमा
sadar	सदर
sadara	सदर
sadarmukam	सदरमुकाम
sadasy	सदस्य
sadasya	सदस्य
sadasyeeya	सदस्यीय
sadasyiya	सदस्यीय
sade	साढे
sadhai	सधैँ
sadhai	सधैं
sadhailai	सधैँलाई
sadhain	सधैं
sadhan	साधन
sadharan	साधारण
sadhey	सधैं
safa	सफा
safai	सफाई
safal	सफल
safalta	सफलता
sagar	सगर
sagar	सागर
sagarbata	सागरबाट
sagarma	सागरमा
sagarmatha	सगरमाथा
sahabagita	सहभागिता
sahabhaagee	सहभागी
sahabhagi	सहभागी
sahabhagita	सहभागिता
sahaj	सहज
sahaja	सहज
sahakaree	सहकारी
sahakari	सहकारी
sahakary	सहकार्य
sahakarya	सहकार्य
sahamat	सहमत
sahamata	सहमत
sahamatee	सहमति
sahamati	सहमति
sahana	सहन
sahanu	सहनु
sahar	शहर
sahara	सहारा
sahara	साहारा
saharamai	साहारामै
sahari	शहरी
saharma	सहरमा
sahas	साहस
sahayak	सहायक
sahayata	सहायता
sahayataa	सहायता
sahayog	सहयोग
sahayoga	सहयोग
sahayogama	सहयोगमा
sahayogee	सहयोगी
sahayogi	सहयोगी
sahayogma	सहयोगमा
sahei	सही
sahi	शाही
sahi	सही
sahit	सहित
sahita	सहित
sahitakoo	सहितको
sahitko	सहितको
sahitya	साहित्य
sahuliyat	सहुलियत
sahuliyata	सहुलियत
sahun	सहूँ
sai	सय
saikshik	शैक्षिक
sainik	सैनिक
sainika	सैनिक
saino	साइनो
sajaau	सजाऊ
sajaidin	सजाइदिन
sajaun	साजाउँ
sajaunu	सजाउनू
sajay	सजाय
sajay	सजायँ
sajaya	सजाय
sajaya	सजायँ
sajaye	सजाय
sajha	साझा
sajhatira	साँझतिर
sajilai	सजिलै
sajiley	सजिलै
sajilo	सजिलो
sajiloo	सजिलो
sajjan	सज्जन
sakaaraatmak	सकारात्मक
sakaratmak	सकारात्मक
sakcha	सक्छ
sakchan	सक्छन्
sakchha	सक्छ
sakchhan	सक्छन्
sakchhau	सक्छौ
sakchu	सक्छु
sakdain	सक्दैन
sakdaina	सक्दैन
sake	सके
sakeka	सकेका
sakekaa	सकेका
sakeko	सकेको
sakekoo	सकेको
saken	सकेन
sakena	सकेन
sakenau	सकेनौ
sakey	सके
sakha	शाखा
sakidaina	सकिँदैन
sakidaina	सकिदैन
sakieko	सकिएको
sakina	सकिँन
sakina	सकिन
sakinay	सकिने
sakincha	सकिन्छ
sakinchha	सकिन्छ
sakine	सकिने
sakinxa	सकिन्छ
sakiyeko	सकिएको
sakne	सक्ने
sakney	सक्ने
sakriya	सक्रिय
sakriyaa	सक्रिय
saksham	सक्षम
sakshi	साक्षी
sakti	शक्ति
saktina	सक्तिनँ
sakun	सकूँ
sakxa	सक्छ
sakxan	सक्छन्
sal	साल
salam	सलाम
saldekhi	सालदेखि
salery	तलब
salko	सालको
sallah	सल्लाह
sallaha	सल्लाह
sallahaakaar	सल्लाहकार
sallahakar	सल्लाहकार
salma	सालमा
salpachhadi	सालपछाडि
sama	सम
samaachar	समाचार
samaadhan	समाधान
samaaj	समाज
samaajik	सामाजिक
samaajkoo	समाजको
samaajma	समाजमा
samaan	समान
samaanya	सामान्य
samabesh	समावेश
samachar	समाचार
samadhan	समाधान
samagr	समग्र
samagra	समग्र
samagri	सामग्री
samagriko	सामग्रीको
samai	समाइ
samait	समेत
samaj	समाज
samajik	सामाजिक
samajko	समाजको
samajma	समाजमा
samaksha	समक्ष
samalama	समलामा
saman	समान
saman	सामान
samana	सामना
samanbaya	समन्वय
samanwaya	समन्वय
samanya	सामान्य
samapt	समाप्त
samapta	समाप्त
samarthan	समर्थन
samarthana	समर्थन
samasya	समस्या
samasyaa	समस्या
samasyako	समस्याको
samasyakoo	समस्याको
samatna	समात्न
samatthi	समात्थी
samatyo	समात्यो
samawesh	समावेश
samax	समक्ष
samay	समय
samaya	समय
samayadekhi	समयदेखि
samayako	समयको
samayama	समयमा
samayamai	समयमै
samayasamma	समयसम्म
samaydekhee	समयदेखि
samayele	समयले
samaykoo	समयको
samayma	समयमा
samaymai	समयमै
samayou	समायौ
samaysamm	समयसम्म
sambaddh	सम्बद्ध
sambaddha	सम्बद्ध
sambaidhanik	संवैधानिक
sambandh	सम्बन्ध
sambandha	सम्बन्ध
sambandhama	सम्बन्धमा
sambandhee	सम्बन्धी
sambandhi	सम्बन्धी
sambandhit	सम्बन्धित
sambandhita	सम्बन्धित
sambandhma	सम्बन्धमा
sambat	सम्वत्
sambegma	सम्वेगमा
sambhab	सम्भव
sambhabana	सम्भावना
sambhabit	सम्भावित
sambhav	सम्भव
sambhavana	सम्भावना
sambhavit	सम्भावित
sambhu	शम्भु
sambidhan	संविधान
sambidhanko	संविधानको
sambidhanma	संविधानमा
sambidhansabha	संविधानसभा
sambidhansabhako	संविधानसभाको
sambodhan	सम्बोधन
sambodhana	सम्बोधन
sameeksha	समीक्षा
sameel	सामेल
samel	सामेल
samet	समेत
sameta	समेत
sametakaa	समेतका
sametako	समेतको
sametalaai	समेतलाई
sametaley	समेतले
sameti	समेटी
sametka	समेतका
sametko	समेतको
sametlai	समेतलाई
sametle	समेतले
samhalidine	सम्हालिदिने
samiksha	समीक्षा
samitee	समिति
samiteeka	समितिका
samiteeko	समितिको
samiteema	समितिमा
samiti	समिति
samitika	समितिका
samitiko	समितिको
samitile	समितिले
samitiley	समितिले
samitima	समितिमा
samixa	समीक्षा
samjhanale	सम्झनाले
samjhanama	सम्झनामा
samjhanama	सम्झानामा
samjhanchhu	समझन्छु
samjhauta	सम्झौता
samjhautaa	सम्झौता
samjhe	सम्झेँ
samjhi	सम्झी
samjhyou	सम्झ्यौ
samkalan	संकलन
samket	सङ्केत
samkraman	संक्रमण
samkraman	सङ्क्रमण
samkramankoo	संक्रमणको
samkramit	संक्रमित
samkramita	सङ्क्रमित
samkramitko	संक्रमितको
samlagna	संलग्न
samm	सम्म
samma	सम्म
sammaan	सम्मान
sammaanita	सम्मानित
sammako	सम्मको
sammakoo	सम्मको
sammama	सम्ममा
samman	सम्मान
sammanit	सम्मानित
sammelan	सम्मेलन
sammelana	सम्मेलन
sammelanama	सम्मेलनमा
sammelanma	सम्मेलनमा
sammma	सम्ममा
samooaha	समूह
samooahakaa	समूहका
samooahako	समूहको
samooahaley	समूहले
samooahama	समूहमा
sampann	सम्पन्न
sampanna	सम्पन्न
sampark	सम्पर्क
samparka	सम्पर्क
sampati	सम्पति
sampati	सम्पत्ति
sampatikoo	सम्पत्तिको
sampatilai	सम्पतिलाई
sampatti	सम्पत्ति
sampattiko	सम्पत्तिको
sampoorna	सम्पूर्ण
sampurna	सम्पूर्ण
samsadiya	संसदीय
samskriti	संस्कृति
samstha	संस्था
samsthaalaai	संस्थालाई
samsthaan	संस्थान
samsthaapak	संस्थापक
samsthakaa	संस्थाका
samsthako	संस्थाको
samsthama	संस्थामा
samudaayako	समुदायको
samudayik	सामुदायिक
samudayko	समुदायको
samuha	समूह
samuhaka	समूहका
samuhako	समूहको
samuhale	समूहले
samuhama	समूहमा
samuhik	सामूहिक
samvat	सम्वत्
samvidhan	संविधान
samwaidhanik	संवैधानिक
samwhav	सम्भव
samwidhan	संविधान
samwidhanko	संविधानको
samwidhanma	संविधानमा
samwidhansabha	संविधानसभा
samwidhansabhako	संविधानसभाको
san	सन्
sana	साना
sanchaalak	सञ्चालक
sanchaalan	संचालन
sanchaalana	सञ्चालन
sanchaalanma	सञ्चालनमा
sanchaalita	सञ्चालित
sanchaar	सञ्चार
sanchalak	सञ्चालक
sanchalan	संचालन
sanchalan	सञ्चालन
sanchalanma	सञ्चालनमा
sanchalit	सञ्चालित
sanchar	सञ्चार
sanchchai	साँच्चै
sancheko	साँचेको
sanchi	साँची
sandarbhama	सन्दर्भमा
sandarbhma	सन्दर्भमा
sandes	सन्देश
sandesh	सन्देश
sandhi	सन्धि
sandhya	सन्ध्या
sang	सँग
sanga	सँग
sanga	संग
sangai	सँगै
sangai	संगै
sangai	सङ्गै
sangal	सङ्गाल
sangathan	संगठन
sangathana	संगठन
sangeet	सँगीत
sangeet	संगित
sangeet	सङ्गीत
sangey	सँगै
sangh	संघ
sangh	सङ्घ
sangha	संघ
sangha	सङ्घ
sanghaka	संघका
sanghakaa	सङ्घका
sanghakoo	संघको
sanghaley	संघले
sanghaley	सङ्घले
sangharma	सङ्घारमा
sangharshalai	संघर्षलाई
sangheeya	संघीय
sanghiya	संघीय
sanghka	संघका
sanghka	सङ्घका
sanghko	संघको
sanghle	संघले
sanghle	सङ्घले
sangit	संगीत
sangit	संगीतः
sanibar	शनिबार
sanjaal	सञ्जाल
sanjal	सञ्जाल
sanjh	साँझ
sanjha	साँझ
sanjhama	साँझमा
sanka	शंका
sankalan	संकलन
sankalan	सङ्कलन
sankalana	सङ्कलन
sanket	सङ्केत
sankhya	संख्या
sankhya	सङ्ख्या
sankhyaa	संख्या
sankhyaa	सङ्ख्या
sankhyaama	संख्यामा
sankhyaama	सङ्ख्यामा
sankhyama	संख्यामा
sankhyama	सङ्ख्यामा
sankoch	सङ्कोच
sankraman	संक्रमण
sankraman	सङ्क्रमण
sankramanko	संक्रमणको
sankramit	संक्रमित
sankramit	सङ्क्रमित
sankramitko	संक्रमितको
sankshipta	संक्षिप्त
sanksipta	संक्षिप्त
sanlagna	संलग्न
sanlai	सङ्लै
sann	सन्
sano	सानो
sanrachana	संरचना
sanrachna	संरचना
sanrakshan	संरक्षण
sanrakshya	संरक्षण
sansad	संसद
sansad	सांसद
sansadiya	संसदीय
sansadko	संसदको
sansar	संसार
sansarko	संसारको
sansarlai	संसारलाई
sanshodhan	संशोधन
sanskriti	संस्कृति
sanskritik	सांस्कृतिक
sanskritilai	संस्कृतिलाई
sansodhan	संशोधन
sanstha	संस्था
sansthaagatha	संस्थागत
sansthagat	संस्थागत
sansthaka	संस्थाका
sansthako	संस्थाको
sansthalai	संस्थालाई
sansthale	संस्थाले
sansthaley	संस्थाले
sansthama	संस्थामा
sansthan	संस्थान
sansthapak	संस्थापक
santan	सन्तान
santaple	सन्तापले
santi	शान्ति
sanyojak	संयोजक
sanyojaka	संयोजक
sanyukt	संयुक्त
sanyukta	संयुक्त
sapaanako	सपानाको
sapana	सपना
sapanaharu	सपनाहरु
sapanaharu	सपनाहरुका
sapanaharuko	सपनाहरुको
sapanaharuko	सपनाहरूको
sapanajastai	सपनाजस्तै
sapanasanga	सपनासँग
sapaniko	सपनाकी
sapanima	सपनीमा
sapha	सफा
saphaaye	सफाई
sapnaa	सपना
sara	सारा
saralai	सारालाई
sarapyou	सराप्यौ
sarara	सरर
sararara	सररर
saraswatile	सरस्वतीले
sarbabhaum	सार्वभौम
sarbadhik	सर्वाधिक
sarbajanik	सार्वजनिक
sarbanga	सर्वाङ्ग
sarbocha	सर्वोच्च
sarbochha	सर्वोच्च
sarboxa	सर्वोच्च
sargam	सरगम
saririk	शारीरिक
sarkaar	सरकार
sarkaari	सरकारी
sarkaarkaa	सरकारका
sarkaarko	सरकारको
sarkaarlaai	सरकारलाई
sarkaarle	सरकारले
sarkaarma	सरकारमा
sarkaarsaata	सरकारबाट
sarkaarsang	सरकारसँग
sarkar	सरकार
sarkarbata	सरकारबाट
sarkaree	सरकारी
sarkari	सरकारी
sarkarka	सरकारका
sarkarko	सरकारको
sarkarlai	सरकारलाई
sarkarlay	सरकारले
sarkarle	सरकारले
sarkarma	सरकारमा
sarkarsanga	सरकारसँग
sarma	शर्मा
sarmaley	शर्माले
sarta	शर्त
saruba	सरुवा
saruwa	सरुवा
sarvajanik	सार्वजनिक
sarwadhik	सर्वाधिक
sarwajanik	सार्वजनिक
sasan	शासन
sasastra	सशस्त्र
sashastra	सशस्त्र
saskriti	संस्कृति
sasto	सस्तो
sastoo	सस्तो
sat	सात
sata	साता
sataha	सतह
satairahyo	सताइरह्यो
sataune	सताउने
satchhe	साट्छे
sath	साथ
sathaharu	साथहरू
sathai	साथै
sathama	साथमा
sathi	साथी
sathiharu	साथीहरु
sathiharu	साथीहरू
sathma	साथमा
sathmai	साथमै
sato	साटो
saty	सत्य
satya	सत्य
saun	साउन
sauni	साउनी
savari	सवारी
savik	साविक
sawari	सवारी
sawik	साविक
saxam	सक्षम
saxi	साक्षी
say	सय
saya	सय
sayed	सायद
schoolma	विद्यालयमा
science	विज्ञान
sdhuwako	सधुवाको
search	खोजी
seba	सेवा
sebaama	सेवामा
sebako	सेवाको
seban	सेवन
seema	सीमा
seemit	सीमित
sena	सेना
senaa	सेना
senaakoo	सेनाको
senako	सेनाको
senale	सेनाले
senaley	सेनाले
serpa	शेर्पा
seva	सेवा
sewa	सेवा
sewako	सेवाको
sewama	सेवामा
sewan	सेवन
sex	यौन
sexual	यौन
seyar	शेयर
shaan	शान
shaareerik	शारीरिक
shabda	शब्द
shabdama	शब्दमा
shah	शाह
shaha	शाह
shahar	शहर
shaharee	शहरी
shahee	शाही
shahi	शाही
shaikshik	शैक्षिक
shakha	शाखा
shakti	शक्ति
shakya	शाक्य
shambhujeet	शम्भुजीत
shanibaar	शनिबार
shanka	शंका
shankar	शंकर
shanta	शान्त
shantee	शान्ति
shanti	शान्ति
shanti	शान्ती
shantibhumi	शान्तिभूमि
shantiko	शान्तीको
share	शेयर
sharemoolya	शेयरमूल्य
sharemulya	शेयरमूल्य
sharirai	शरीरै
sharirbhari	शरीरभरी
sharma	शर्मा
sharmale	शर्माले
sharta	शर्त
shasan	शासन
shav	शव
shayad	शायद
sheetko	शीतको
shere	शेरे
sherpa	शेर्पा
sheyar	शेयर
shiksha	शिक्षा
shikshak	शिक्षक
shikshan	शिक्षण
shikxya	शिक्षा
shira	शिर
shirma	शिरमा
shirsh	शीर्ष
shishirma	शिशिरमा
shital	शीतल
shithil	शिथिल
shop	पसल
short	छोटो
shraddha	श्रद्धा
shram	श्रम
shrawan	साउन
shree	श्री
shrestha	श्रेष्ठ
shresthako	श्रेष्ठको
shri	श्री
shrimati	श्रीमती
shrinkhalalai	शृङ्खलालाई
shubha	शुभ
shubhakamana	शुभकामना
shubham	शुभम्
shukrabaar	शुक्रबार
shukrabaar	शुक्रवार
shunya	शून्य
shuru	शुरु
siddhant	सिद्धान्त
siddhanta	सिद्धान्त
sifaris	सिफारिस
sifarish	सिफारिश
sikkim	सिक्किम
siksak	शिक्षक
siksana	शिक्षण
siksha	शिक्षा
silsilaama	सिलसिलामा
silsilama	सिलसिलामा
sima	सीमा
simit	सीमित
singh	सिंह
singha	सिंह
singhaley	सिंहले
singhle	सिंहले
sipharis	सिफारिस
sirjana	सिर्जना
sirjanaa	सिर्जना
sirsa	शीर्ष
sita	सित
siudo	सिउँदो
siudo	सिउदो
siudoma	सिउँदोमा
skilled	दक्ष
so	सो
soch	सोच
socha	सोच
socheko	सोचेको
sochera	सोचेर
sochirahethen	सोचिरहेथेँ
sodhana	सोधन
sodhchhau	सोध्छौ
sodhen	सोधेँ
sodhi	सोधी
sodhne	सोध्ने
sodhnu	सोध्नू
sodhu	सोधूँ
sohee	सोही
sohi	सोही
sombaar	सोमबार
sombaar	सोमवार
sombar	सोमबार
sombar	सोमवार
soo	सो
soochana	सूचना
soocheema	सूचीमा
sotanga	सोताङ्ग
sotangmanila	सोताङ्गमनिला
sparsha	स्पर्श
spashta	स्पष्ट
spasta	स्पष्ट
sphal	सफल
sphaltaa	सफलता
sram	श्रम
srestha	श्रेष्ठ
sresthako	श्रेष्ठको
sri	श्री
srijana	सृजना
srijanaa	सृजना
srimati	श्रीमती
sristiko	सृष्टिको
srot	स्रोत
srota	स्रोत
step	कदम
sthaan	स्थान
sthaanma	स्थानमा
sthaapana	स्थापना
sthaapit	स्थापित
sthagit	स्थगित
sthagita	स्थगित
sthan	स्थान
sthaniya	स्थानीय
sthaniyaa	स्थानीय
sthaniye	स्थानीय
sthanma	स्थानमा
sthapana	स्थापना
sthapit	स्थापित
sthaye	स्थायी
sthayi	स्थायी
sthir	स्थिर
sthira	स्थिर
sthit	स्थित
sthita	स्थित
sthiteema	स्थितिमा
sthiti	स्थिति
sthitima	स्थितिमा
story	कथा
studentko	विद्यार्थीको
studentlai	विद्यार्थीलाई
study	पढ्न
subas	सुवास
subba	सुब्बा
subham	शुभम्
subidha	सुविधा
subidhaka	सुविधाका
suchana	सूचना
suchima	सूचीमा
suchna	सूचना
sudhaar	सुधार
sudhar	सुधार
sugam	सुगम
sujhab	सुझाव
sujhav	सुझाव
sujhaw	सुझाव
sukeka	सुकेका
sukhkha	सुख्खा
sukrabar	शुक्रबार
sukrabar	शुक्रवार
sukul	सुकुल
sumpeko	सुम्पेको
sumpidiye	सुम्पिदिए
sun	सुन
suna	सुन
sunaidinu	सुनाइदिनू
sunaila	सुनैला
sunako	सुनको
sunauna	सुनाउन
sundar	सुन्दर
sundara	सुन्दर
sundari	सुन्दरी
sundartako	सुन्दरताको
suni	सुनी
sunischit	सुनिश्चित
sunischita	सुनिश्चित
sunita	सुनिता
sunko	सुनको
sunu	सुनुँ
sunya	शून्य
suraksha	सुरक्षा
surakshako	सुरक्षाको
surakshit	सुरक्षित
surakshya	सुरक्षा
surakxit	सुरक्षित
suraxakoo	सुरक्षाको
suraxya	सुरक्षा
suresh	सुरेश
suroo	शुरु
suroo	सुरु
surti	सुर्ती
suru	शुरु
suru	सुरु
suruwat	सुरूवात
surya	सूर्य
suryeko	सूर्यको
suseel	सुशील
sushil	सुशील
suskera	सुस्केरा
suvidha	सुविधा
suwidha	सुविधा
suwidhaakaa	सुविधाका
swaagata	स्वागत
swabhabik	स्वाभाविक
swabhavik	स्वाभाविक
swadeshi	स्वदेशी
swadeshlai	स्वदेशलाई
swadesi	स्वदेशी
swagat	स्वागत
swamitba	स्वामित्व
swamitwa	स्वामित्व
swar	स्वरः
swargaka	स्वर्गका
swargiye	स्वर्गकी
swarna	स्वर्ण
swas	श्वास
swasma	श्वासमा
swasthya	स्वास्थ्य
swastya	स्वास्थ्य
swata	स्वतः
swatah	स्वतः
swatantr	स्वतन्त्र
swatantra	स्वतन्त्र
swatantrata	स्वतन्त्रता
swatantrataa	स्वतन्त्रता
swayam	स्वयं
sweekar	स्वीकार
sweekrita	स्वीकृत
sweekriti	स्वीकृति
swikar	स्वीकार
swikrit	स्वीकृत
swikriti	स्वीकृति
swor	स्वर
sworup	स्वरुप
syndicateko	सिन्डिकेट्को
system	प्रणाली
t	त
ta	त
taadha	टाढा
taaleem	तालीम
taalim	तालिम
taapani	तापनि
tada	टाढा
tadai	टाढै
tadha	टाढा
tadhako	टाढाको
tadhuye	टाधिए
tadpaaedincha	तड्पाइदिन्छ
tadpi	तडपी
tadpi	तड्पी
tah	तह
taha	टह
taha	तह
tahaka	तहका
tahakaa	तहका
tahako	तहको
tahakoo	तहको
tahama	तहमा
tahma	तहमा
tairidai	तैरिदै
tal	तल
tala	तल
talab	तलब
talai	तँलाई
talaima	तालैमा
talim	तालिम
talim	तालीम
tallo	तल्लो
talloo	तल्लो
tamaang	तामाङ
tamam	तमाम
tamang	तामाङ
tamrai	तम्रै
tan	टन
tandai	तान्दै
tanneri	तन्नेरीको
tapani	तापनि
tapkina	तप्किन
tar	तर
tara	तर
tara	तारा
taral	तरल
taralai	तरालाई
taralai	तारालाई
taranga	तरङ्ग
taranga	तारङ्ग
tarf	तर्फ
tarfabata	तर्फबाट
tarin	तरिन्
tark	तर्क
tarka	तर्क
tarkaree	तरकारी
tarkari	तरकारी
tarna	तर्न
tarpha	तर्फ
tarphabata	तर्फबाट
tarsanchhan	तर्सन्छन्
tarunilai	तरुणीलाई
tasarth	तसर्थ
tasartha	तसर्थ
tasbirle	तस्वीरले
tatha	तथा
tathaa	तथा
tathy	तथ्य
tathya	तथ्य
tathyaank	तथ्याङ्क
tathyank	तथ्यांक
tathyanka	तथ्याङ्क
tatkaal	तत्काल
tatkaaleen	तत्कालीन
tatkal	तत्काल
tatkalin	तत्कालीन
tay	तय
taya	तय
tayaar	तयार
tayaareema	तयारीमा
tayaari	तयारी
tayar	तयार
tayari	तयारी
tayarima	तयारीमा
teacher	शिक्षक
teba	टेवा
tee	ती
teel	तेल
teemadhy	तीमध्ये
teen	तीन
teena	तीन
tehi	तेही
tel	तेल
telibhijan	टेलिभिजन
tero	तेरो
teslai	तेस्लाई
tesro	तेस्रो
tesroo	तेस्रो
test	जाँच
testai	तेस्तै
tetai	तेतै
teti	तेती
tewa	टेवा
thaa	थाहा
thaaleka	थालेका
thaaleko	थालेको
thaalepaxhi	थालेपछि
thaan	थान
thaau	ठाउँ
thaauma	ठाउँमा
thadaethyau	ठडाएथ्यौ
thaha	थाहा
thahar	ठहर
thahara	ठहर
thaharaeko	ठहराएको
thaharayeko	ठहराएको
thaharcha	ठहर्छ
thaharchha	ठहर्छ
thaharxa	ठहर्छ
thakisake	थाकिसकेँ
thal	थाल
thalchhan	थाल्छन्
thale	थाले
thaleka	थालेका
thaleko	थालेको
thalepachi	थालेपछि
thaley	थाले
thalieko	थालिएको
thaliyeko	थालिएको
thalyo	थाल्यो
thamaye	थमाए
thame	थामे
thamedekhi	थामेदेखि
thamidaina	थामिदैन
than	थान
thap	थप
thapa	थप
thapa	थापा
thapaa	थापा
thapaaley	थापाले
thapale	थापाले
thari	थरी
tharkayo	थर्कायो
thau	ठाउँ
thauma	ठाउँमा
thaumai	ठाउँमै
thaun	ठाउँ
thee	थिए
theek	ठीक
thekka	ठेक्का
thekkaa	ठेक्का
thi	थी
thickai	ठिकै
thie	थिए
thie	थिएँ
thien	थिएन
thiena	थिएन
thiin	थिइन्
thik	ठिक
thik	ठीक
thittiharuko	ठिट्टिहरुको
thiyaan	थिएँ
thiyau	थियौं
thiyaun	थियौं
thiye	थिए
thiye	थिएँ
thiyean	थिइन्
thiyena	थिएन
thiyo	थियो
thiyoo	थियो
thoolaa	ठूला
thoolo	ठूलो
thoos	ठोस
thopa	थोपा
thopama	थोपामा
thorai	थोरै
thorey	थोरै
thos	ठोस
thotro	थोत्रो
thukryaune	ठुक्र्याउने
thula	ठूला
thulo	ठुलो
thulo	ठूलो
thuloo	ठूलो
thunaama	थुनामा
thunama	थुनामा
thunga	थुँगा
thuppa	थुप्पा
thuprai	थुप्रै
thuprey	थुप्रै
thyo	थियो
thyo	थ्यो
ti	ति
ti	ती
tibra	तीव्र
tikat	टिकट
tiki	टिकी
tilasmi	तिलस्मी
tim	टिम
timadhye	तीमध्ये
timi	तिमी
timii	तिमीई
timilai	तिमिलाई
timilai	तिमीलाई
timisanga	तिमीसँग
timlai	तिम्लाई
timle	तिम्ले
timrai	तिम्रै
tin	तिन
tin	तीन
tinakoo	तिनको
tiniharulai	तिनीहरूलाई
tiniharule	तिनीहरूले
tinko	तिनको
tipnaparchha	टिप्नपर्छ
tippanee	टिप्पणी
tippani	टिप्पणी
tira	तिर
tiri	तिरी
tiriri	तिरिरी
tirma	तीरमा
tirn	तिर्न
tirna	तिर्न
title	उपाधि
tivra	तीव्र
tiwra	तीव्र
todera	तोडेर
todi	तोडी
todidinthe	तोडिदिन्थे
todinna	तोडिन्न
tokeko	तोकेको
tokekoo	तोकेको
tokieko	तोकिएको
tokiyeko	तोकिएको
tolairahe	टोलाइरहे
tolaudai	टोलाउँदै
tolee	टोली
toli	टोली
tolile	टोलीले
toliley	टोलीले
tolko	टोलको
ton	टन
tourist	पर्यटक
traditional	परम्परागत
traffic	ट्राफिक
trafik	ट्राफिक
traimaasama	त्रैमासमा
traimasma	त्रैमासमा
training	तालिम
tribhuban	त्रिभुवन
tribhuvan	त्रिभुवन
tripta	तृप्त
trutee	त्रुटि
truti	त्रुटि
trutipoorna	त्रुटिपूर्ण
trutipurna	त्रुटिपूर्ण
tuka	टुका
tukka	टुक्का
tukra	टुक्रा
tulanaama	तुलनामा
tulanama	तुलनामा
tuti	टुटी
tv	टेलिभिजन
tyagi	त्यागी
tyaha	त्यहाँ
tyahaa	त्यहाँ
tyahaankaa	त्यहाँका
tyahaankoo	त्यहाँको
tyahaka	त्यहाँका
tyahako	त्यहाँको
tyahan	त्यहाँ
tyahei	त्यही
tyahi	त्यही
tyahi	त्यहीँ
tyanhi	त्यहिँ
tyas	त्यास
tyasa	त्यास
tyasabaata	त्यसबाट
tyasai	त्यसै
tyasaigaree	त्यसैगरी
tyasaigari	त्यसैगरी
tyasaile	त्यसैले
tyasailey	त्यसैले
tyasaka	त्यसका
tyasakaaran	त्यसकारण
tyasako	त्यसको
tyasalai	त्यसलाई
tyasaley	त्यसले
tyasama	त्यसमा
tyasaree	त्यसरी
tyasari	त्यसरी
tyasbata	त्यसबाट
tyasbela	त्यसबेला
tyasey	त्यसै
tyaska	त्यसका
tyaskaran	त्यसकारण
tyasko	त्यसको
tyaslai	त्यसलाई
tyasle	त्यसले
tyasma	त्यसमा
tyaso	त्यसो
tyasoo	त्यसो
tyaspachhi	त्यसपछि
tyaspachi	त्यसपछि
tyaspaxi	त्यसपछि
tyasta	त्यस्ता
tyastaa	त्यस्ता
tyastai	त्यस्तै
tyastey	त्यस्तै
tyasto	त्यस्तो
tyastoo	त्यस्तो
tyaswela	त्यसबेला
tyatee	त्यति
tyati	त्यति
tyatibela	त्यतिबेला
tyatiwela	त्यतिबेला
tyesto	त्यस्तो
tyo	त्यो
tyoo	त्यो
type	प्रकार
tysaile	त्यसैले
u	उ
u	ऊ
ucha	उच्च
uchaai	उचाइ
uchalne	उचाल्ने
uchha	उच्च
uchit	उचित
uchita	उचित
udaaharan	उदाहरण
udaan	उडान
udahan	उदाहरण
udaharan	उदाहरण
udai	उडाई
udan	उडान
udanga	उदाङ्ग
udauchhan	उडाँउछन्न्
udaya	उदय
udayog	उद्योग
udchu	उड्छु
uddeshya	उद्देश्य
uddeshyale	उद्देश्यले
uddhaar	उद्धार
uddhar	उद्धार
udeko	उडेको
udeshayaley	उद्देश्यले
udeshya	उद्देश्य
udghaatan	उद्घाटन
udghatan	उद्घाटन
udhaundai	उढाउँदै
udhyog	उद्योग
udhyogko	उद्योगको
udhyogle	उद्योगले
udhyogma	उद्योगमा
udirahane	उडिरहने
udirane	उडीराने
udna	उड्न
udun	उडूँ
udyo	उड्यो
udyog	उद्योग
udyogko	उद्योगको
udyogley	उद्योगले
udyogma	उद्योगमा
uha	उहाँ
uhaan	उहाँ
uhan	उहाँ
uhanko	उहाँको
uhankoo	उहाँको
uhanlay	उहाँले
uhanle	उहाँले
ujoor	उजूर
ujur	उजूर
ujuree	उजुरी
ujuri	उजुरी
ujyali	उज्याली
ujyalo	उज्यालो
ujyalomai	उज्यालोमै
ukali	उकाली
ukt	उक्त
ukta	उक्त
ullek	उल्लेख
ullekh	उल्लेख
ullekhy	उल्लेख्य
ullekhya	उल्लेख्य
ullikhit	उल्लिखित
ullikhit	उल्लेखित
ullikhita	उल्लिखित
ullikhita	उल्लेखित
ultee	उल्टी
ulti	उल्टी
umeer	उमेर
umeerama	उमेरमा
umer	उमेर
umera	उमेर
umerma	उमेरमा
umlirahechha	उम्लीरहेछ
ummedbar	उम्मेदवार
ummedwar	उम्मेदवार
unako	उनको
unale	उनले
unee	उनी
uni	उनि
uni	उनी
uniharoo	उनीहरु
uniharoo	उनीहरू
uniharu	उनीहरु
uniharu	उनीहरू
uniharuko	उनीहरुको
uniharuko	उनीहरूको
uniharukoo	उनीहरुको
uniharukoo	उनीहरूको
uniharulaai	उनीहरुलाई
uniharulaai	उनीहरूलाई
uniharulai	उनीहरुलाई
uniharulai	उनीहरूलाई
uniharulay	उनीहरुले
uniharulay	उनीहरूले
uniharule	उनीहरुले
uniharule	उनीहरूले
unka	उनका
unkaa	उनका
unko	उनको
unlaai	उनलाई
unlai	उनलाई
unlay	उनले
unle	उनले
unley	उनले
unmukta	उन्मुक्त
upaadhi	उपाधि
upabhog	उपभोग
upabhoga	उपभोग
upabhokta	उपभोक्ता
upabhoktaa	उपभोक्ता
upachaar	उपचार
upachaarkaa	उपचारका
upachaarkoo	उपचारको
upachar	उपचार
upacharka	उपचारका
upacharko	उपचारको
upadafa	उपदफा
upadapha	उपदफा
upadhi	उपाधि
upadhyaksha	उपाध्यक्ष
upadhyax	उपाध्यक्ष
upahar	उपहार
upakaran	उपकरण
upalabd	उपलब्ध
upalabdha	उपलब्ध
upar	उपर
upara	उपर
upariksak	उपरीक्षक
uparikshak	उपरीक्षक
uparokt	उपरोक्त
uparokta	उपरोक्त
upasthit	उपस्थित
upasthita	उपस्थित
upasthitee	उपस्थिति
upasthiti	उपस्थिति
upatyaka	उपत्यका
upatyakama	उपत्यकामा
upay	उपाय
upaya	उपाय
upayog	उपयोग
upayoga	उपयोग
upayukt	उपयुक्त
upayukta	उपयुक्त
urban	शहरी
urja	ऊर्जा
urlanchan	उर्लन्छन्
urleka	उर्लेका
urli	उर्ली
usa	अमेरिका
usako	अमेरिकाको
usako	उसको
usalaai	उसलाई
usaley	उसले
usama	अमेरिकामा
ushama	उषामा
uska	उसका
usko	उसको
uslai	उसलाई
usle	उसले
uta	उता
utaa	उता
utarna	उतार्न
utha	उठा
uthaun	उठाउन
uthauna	उठाउन
uthera	उठेर
uthyo	उठ्यो
uti	उति
utkrishta	उत्कृष्ट
utkrista	उत्कृष्ट
utpaadaka	उत्पादक
utpaadan	उत्पादन
utpaadanko	उत्पादनको
utpaadanma	उत्पादनमा
utpaadita	उत्पादित
utpadak	उत्पादक
utpadan	उत्पादन
utpadanko	उत्पादनको
utpadanma	उत्पादनमा
utpadit	उत्पादित
utpann	उत्पन्न
utpanna	उत्पन्न
utpresan	उत्प्रेषण
utpresanko	उत्प्रेषणको
utpreshan	उत्प्रेषण
utpreshanko	उत्प्रेषणको
uttar	उत्तर
uttara	उत्तर
utteerna	उत्तीर्ण
uttikai	उत्तिकै
uttikey	उत्तिकै
uttirna	उत्तीर्ण
uu	ऊ
vaccine	खोप
vaktu	वस्तु
valleyma	उपत्यकामा
van	वन
various	विविध
varistha	वरिष्ठ
vatavaran	वातावरण
vdc	गाविस
vegetable	तरकारी
very	अति
vichar	विचार
victim	पीडित
vidhi	विधि
vidwan	विद्वान
vigat	विगत
vikalpa	विकल्प
virodh	विरोध
virus	भाइरस
virusko	भाइरसको
visit	भ्रमण
viswa	विश्व
viswas	विश्वास
vitaran	वितरण
vittiya	वित्तीय
vivah	विवाह
vivaran	विवरण
vividat	विवादित
vote	मत
vyabastha	व्यवस्था
vyahora	व्यहोरा
vyahorako	व्यहोराको
vyakhya	व्याख्या
vyakta	व्यक्त
vyakti	व्यक्ति
vyaktigat	व्यक्तिगत
vyaktiko	व्यक्तिको
vyaktilaai	व्यक्तिलाई
vyaktiley	व्यक्तिले
vyapaarama	व्यापारमा
vyapak	व्यापक
vyapar	व्यापार
vyaparik	व्यापारिक
vyasta	व्यस्त
vyavahar	व्यवहार
vyavasaya	व्यवसाय
vyavasayama	व्यवसायमा
vyavasayi	व्यवसायी
vyavasayiharu	व्यवसायीहरू
vyavasayik	व्यावसायिक
vyavasayikoo	व्यवसायीको
vyavasayiley	व्यवसायीले
vyavastha	व्यवस्था
vyavasthaakoo	व्यवस्थाको
vyavasthapan	व्यवस्थापन
vyavasthit	व्यवस्थित
wa	वा
waa	वा
waadhya	बाध्य
waadhyataa	बाध्यता
waarsik	वार्षिक
wacha	वाचा
wada	वडा
wadar	वदर
wadee	वादी
wadi	वादी
wadikalaai	वादीलाई
wadikoo	वादीको
wadiley	वादीले
waideshik	वैदेशिक
waigyanik	वैज्ञानिक
waikalpik	वैकल्पिक
waisakh	बैशाख
waisakh	वैशाख
wamojim	बमोजिम
wamojim	वमोजिम
wamojimko	बमोजिमको
wan	वन
wanijya	वाणिज्य
warabarko	बराबरको
warga	वर्ग
wari	वारि
waripari	वारीपारी
waristha	वरिष्ठ
warsa	वर्ष
warsha	वर्ष
warta	वार्ता
wartaman	वर्तमान
wastawik	वास्तविक
wastawma	वास्तवमा
wastu	वस्तु
wastuako	वस्तुको
wata	वटा
wataa	वटा
watawaran	वातावरण
wayusewa	वायुसेवा
wela	बेला
wela	वेला
welcome	स्वागत
wibhag	विभाग
wibhagkaa	विभागका
wibhagko	विभागको
wibhagley	विभागले
wibhagma	विभागमा
wibhajan	विभाजन
wibhina	विभिन्न
wibhinn	विभिन्न
wichar	विचार
wicket	विकेट
widesh	विदेश
wideshi	विदेशी
wideshma	विदेशमा
widheyak	विधेयक
widhi	विधि
widyalay	विद्यालय
widyaman	विद्यमान
widyarthi	विद्यार्थी
widyut	विद्युत
widyut	विद्युत्
wife	श्रीमती
wigat	विगत
wigatama	विगतमा
wigyan	विज्ञान
wigyapan	विज्ञापन
wigyaptima	विज्ञप्तिमा
wijay	विजय
wijayi	विजयी
wijeta	विजेता
wikalpa	विकल्प
wikas	विकास
wikash	विकास
wikasit	विकसित
wikaska	विकासका
wikasko	विकासको
wikasma	विकासमा
wiket	विकेट
wikri	बिक्री
wikri	विक्री
wiman	विमान
win	जित
winiyojan	विनियोजन
wipakxi	विपक्षी
wipakxiko	विपक्षीको
wipakxiley	विपक्षीले
wiparit	विपरीत
wiratnagar	विराटनगर
wirodh	विरोध
wiruddha	विरुद्ध
wisay	विषय
wisayalaai	विषयलाई
wisaykoo	विषयको
wisayma	विषयमा
wisesgari	विशेषगरी
wisesh	विशेष
wisleshan	विश्लेषण
wistar	विस्तार
wistrit	विस्तृत
wiswakaa	विश्वका
wiswakoo	विश्वको
wiswama	विश्वमा
wiswawyapi	विश्वव्यापी
witaran	वितरण
witness	साक्षी
wittiya	वित्तीय
wiwaran	विवरण
wiwidh	विविध
word	शब्द
worker	कामदार
worldcup	विश्वकप
wriddhi	वृद्धि
wriddhidar	वृद्धिदर
wyaj	ब्याज
wyajdar	ब्याजदर
wyakta	व्यक्त
wyakti	व्यक्ति
wyapar	व्यापार
x	छ
xa	छ
xain	छैन
xaina	छैन
xainan	छैनन्
xalphal	छलफल
xamata	क्षमता
xamatako	क्षमताको
xan	छन
xan	छन्
xanbin	छानबिन
xanot	छनोट
xaso	चासो
xati	क्षति
xatipoorti	क्षतिपूर्ति
xaun	छौं
xetra	क्षेत्र
xetrabaata	क्षेत्रबाट
xetraka	क्षेत्रका
xetrako	क्षेत्रको
xetralai	क्षेत्रलाई
xetrama	क्षेत्रमा
xetraphal	क्षेत्रफल
xetriya	क्षेत्रीय
ximeki	छिमेकी
xin	छिन्
xitai	छिट्टै
xito	छिटो
xora	छोरा
xori	छोरी
xoto	छोटो
xu	छु
xunauti	चुनौती
xut	छुट
xut	छूट
xuttai	छुट्टै
ya	या
yaa	या
yaad	याद
yaadawley	यादवले
yaadharu	यादहरू
yaataayaat	यातायात
yaatra	यात्रा
yaatru	यात्रु
yadab	यादव
yadav	यादव
yadavle	यादवले
yadee	यदि
yadi	यदि
yadyapee	यद्यपि
yadyapi	यद्यपि
yaha	यहाँ
yahaa	यहाँ
yahaaka	यहाँका
yahaankoo	यहाँको
yahaka	यहाँका
yahako	यहाँको
yahan	यहाँ
yahei	यही
yahi	यही
yas	यस
yasa	यस
yasaghee	यसअघि
yasaghi	यसअघि
yasai	यसै
yasaibeech	यसैबीच
yasaibich	यसैबीच
yasaigaree	यसैगरी
yasaigari	यसैगरी
yasaka	यसका
yasako	यसको
yasalabata	यसबाट
yasalai	यसलाई
yasalay	यसले
yasama	यसमा
yasaree	यसरी
yasari	यसरी
yasbaarey	यसबारे
yasbare	यसबारे
yasbata	यसबाट
yasey	यसै
yash	यस
yaska	यसका
yasko	यसको
yaslai	यसलाई
yasle	यसले
yasley	यसले
yasma	यसमा
yaso	यसो
yasoo	यसो
yaspasatak	यसपटक
yaspatak	यसपटक
yassangai	यससँगै
yassangey	यससँगै
yasta	यस्ता
yastaa	यस्ता
yastai	यस्तै
yastey	यस्तै
yasto	यस्तो
yastoo	यस्तो
yata	यता
yataa	यता
yatai	यतै
yatayat	यातायात
yatee	यति
yatharthale	यथार्थले
yati	यति
yatiharu	यतिहरू
yatra	यात्रा
yatru	यात्रु
yauban	यौबन
yaun	यौन
ye	ए
yee	यी
yehi	यही
yesaile	यसैले
yestai	यस्तै
yeta	यता
yethan	ऐठन
yeti	येती
yi	यी
yinai	यिनै
yiney	यिनै
yo	यो
yoban	योवन
yogdaan	योगदान
yogdan	योगदान
yogyata	योग्यता
yogyataa	योग्यता
yojana	योजना
yojanaa	योजना
yojanaama	योजनामा
yojanama	योजनामा
yonjan	योञ्जन
yoo	यो
youwanko	यौवनको
yuba	युवा
yuddh	युद्ध
yuddha	युद्ध
yugonko	युगौँको
yuva	युवा
yuwa	युवा